Total Incidence Avg Ann Cases,Total Incidence Rate Per 100000,Males Incidence Avg Ann Cases,Males Incidence Rate Per 100000,Females Incidence Avg Ann Cases,Females Incidence Rate Per 100000,Total Mortality Avg Ann Cases,Total Mortality Rate Per 100000,Male Mortality Avg Ann Cases,Male Mortality Rate Per 100000,Female Mortality Avg Ann Cases,Female Mortality Rate Per 100000,County
41482.4,442.5,19903.6,484.9,21578.8,417.9,12537.6,132.5,6128.0,156.9,6409.6,116.8,New York
934.6,9.9,610.4,14.6,324.2,6.2,202.4,2.1,140.2,3.4,62.2,1.1,New York
324.8,3.4,232.4,5.7,92.4,1.7,237.8,2.5,171.4,4.3,66.4,1.2,New York
982.0,10.5,563.2,14.0,418.8,7.9,440.6,4.7,260.0,6.7,180.6,3.3,New York
3522.4,37.7,1807.0,44.7,1715.4,32.4,1195.4,12.6,588.4,15.1,607.0,10.8,New York
2471.0,26.4,1221.4,30.5,1249.6,23.4,976.6,10.3,468.6,12.0,508.0,9.0,New York
1051.4,11.3,585.6,14.2,465.8,9.0,218.8,2.3,119.8,3.1,99.0,1.8,New York
1085.0,11.1,760.0,17.7,325.0,5.9,669.2,6.9,448.8,10.7,220.4,4.0,New York
1278.8,13.5,616.6,15.3,662.2,12.0,993.2,10.4,473.8,12.0,519.4,9.3,New York
269.2,2.8,212.0,5.1,57.2,1.1,85.0,0.9,68.2,1.7,16.8,0.3,New York
4389.4,46.4,2215.0,55.4,2174.4,40.1,2447.0,25.8,1301.6,33.2,1145.4,20.6,New York
918.6,9.9,506.6,12.8,412.0,7.9,96.6,1.0,58.8,1.5,37.8,0.7,New York
,,,,6278.2,124.7,,,,,1029.2,19.2,New York
,,,,430.0,9.0,,,,,129.0,2.5,New York
,,,,1665.8,31.3,,,,,381.4,6.9,New York
,,,,584.2,11.5,,,,,341.4,6.3,New York
,,5330.6,124.0,,,,,705.4,19.2,,,New York
,,212.6,4.9,,,,,7.6,0.2,,,New York
1563.0,16.6,1156.2,29.8,406.8,7.4,326.6,3.4,219.8,6.0,106.8,1.8,New York
1359.2,14.5,868.8,20.9,490.4,9.4,232.4,2.5,154.4,3.9,78.0,1.4,New York
524.6,5.9,290.0,7.1,234.6,4.9,288.0,3.1,155.4,3.9,132.6,2.6,New York
1831.6,20.6,434.0,10.4,1397.6,29.7,52.8,0.6,18.4,0.5,34.4,0.6,New York
265.8,3.0,143.8,3.5,122.0,2.6,26.6,0.3,14.2,0.4,12.4,0.2,New York
1841.4,19.9,973.2,24.2,868.2,16.7,434.2,4.6,236.8,6.1,197.4,3.6,New York
848.4,9.0,436.8,10.8,411.6,7.7,285.0,3.0,146.6,3.7,138.4,2.5,New York
1282.8,14.0,705.0,17.8,577.8,11.3,504.0,5.4,265.8,6.9,238.2,4.4,New York
6416.2,441.2,3099.6,505.2,3316.6,401.1,2264.6,158.1,1112.4,196.3,1152.2,134.9,Bronx
145.6,9.9,97.6,15.5,48.0,5.7,43.4,3.0,29.8,5.0,13.6,1.6,Bronx
50.6,3.5,35.8,6.0,14.8,1.7,43.0,3.0,29.8,5.1,13.2,1.6,Bronx
141.8,10.0,75.0,12.9,66.8,8.1,66.0,4.7,39.0,6.9,27.0,3.3,Bronx
536.0,37.3,270.8,45.0,265.2,31.8,211.6,14.8,106.0,18.8,105.6,12.2,Bronx
377.8,26.4,185.0,31.2,192.8,23.0,171.8,12.0,81.8,14.5,90.0,10.4,Bronx
158.2,10.9,85.8,13.8,72.4,8.8,39.8,2.8,24.2,4.3,15.6,1.8,Bronx
237.4,15.7,166.8,25.7,70.6,8.1,147.4,9.9,102.0,16.4,45.4,5.2,Bronx
192.0,13.4,94.8,16.0,97.2,11.4,169.6,11.8,81.6,14.2,88.0,10.3,Bronx
58.6,4.0,43.0,7.0,15.6,1.9,21.6,1.5,17.0,3.0,4.6,0.5,Bronx
674.0,46.6,339.2,57.6,334.8,39.1,438.8,30.6,233.8,40.7,205.0,23.8,Bronx
59.2,4.3,30.8,5.6,28.4,3.4,11.8,0.8,6.8,1.2,5.0,0.6,Bronx
,,,,931.8,114.2,,,,,190.2,22.5,Bronx
,,,,75.8,9.8,,,,,26.6,3.3,Bronx
,,,,262.4,31.0,,,,,74.4,8.7,Bronx
,,,,86.0,10.5,,,,,54.6,6.5,Bronx
,,925.0,144.8,,,,,139.4,27.4,,,Bronx
,,24.2,3.6,,,,,2.6,0.4,,,Bronx
192.4,13.5,131.6,23.4,60.8,7.1,51.6,3.7,31.8,6.2,19.8,2.2,Bronx
235.2,16.1,144.8,23.5,90.4,10.7,43.4,3.0,29.2,5.1,14.2,1.6,Bronx
75.0,5.3,38.2,6.1,36.8,4.6,49.4,3.4,24.8,4.2,24.6,2.9,Bronx
227.4,16.1,40.4,6.4,187.0,24.1,10.0,0.7,3.8,0.7,6.2,0.7,Bronx
44.4,3.1,23.8,3.7,20.6,2.6,4.6,0.3,2.2,0.4,2.4,0.3,Bronx
278.6,19.4,142.8,23.6,135.8,16.4,74.8,5.3,41.8,7.4,33.0,3.9,Bronx
167.4,11.5,86.8,14.3,80.6,9.6,52.4,3.6,28.0,4.8,24.4,2.8,Bronx
182.8,12.7,95.4,15.8,87.4,10.6,77.0,5.4,40.8,7.2,36.2,4.2,Bronx
12082.6,441.7,5758.6,487.8,6324.0,414.4,3543.2,129.5,1707.8,152.9,1835.4,114.5,Kings
256.0,9.4,167.0,14.0,89.0,5.8,52.2,1.9,37.2,3.2,15.0,0.9,Kings
88.2,3.2,62.8,5.4,25.4,1.6,58.0,2.1,43.2,3.8,14.8,0.9,Kings
309.0,11.4,179.2,15.6,129.8,8.3,143.0,5.3,82.8,7.5,60.2,3.8,Kings
1076.8,39.5,541.0,46.8,535.8,34.3,352.4,12.8,169.0,15.1,183.4,11.1,Kings
754.6,27.6,364.2,31.6,390.4,24.9,294.0,10.6,139.0,12.4,155.0,9.4,Kings
322.2,11.9,176.8,15.1,145.4,9.4,58.4,2.1,30.0,2.7,28.4,1.8,Kings
287.4,10.2,204.8,16.6,82.6,5.2,175.2,6.3,118.0,9.8,57.2,3.6,Kings
378.2,13.7,177.4,15.2,200.8,12.5,275.6,10.0,130.0,11.4,145.6,9.0,Kings
75.6,2.7,60.6,5.1,15.0,0.9,22.6,0.8,18.8,1.6,3.8,0.2,Kings
1245.4,45.5,669.4,58.7,576.0,36.4,682.0,25.0,383.8,34.4,298.2,18.5,Kings
228.6,8.5,118.0,10.4,110.6,7.2,20.0,0.7,12.4,1.1,7.6,0.5,Kings
,,,,1791.4,120.5,,,,,316.6,20.2,Kings
,,,,140.6,9.8,,,,,41.2,2.7,Kings
,,,,528.4,33.7,,,,,124.2,7.7,Kings
,,,,176.6,11.6,,,,,106.2,6.7,Kings
,,1551.8,126.3,,,,,209.4,19.8,,,Kings
,,64.2,4.9,,,,,1.6,0.1,,,Kings
433.2,15.9,329.8,29.7,103.4,6.6,90.4,3.3,60.8,5.8,29.6,1.7,Kings
402.4,14.6,257.2,21.4,145.2,9.4,61.4,2.2,41.4,3.6,20.0,1.2,Kings
159.2,5.9,86.4,7.1,72.8,5.0,77.8,2.9,43.6,3.7,34.2,2.3,Kings
575.6,21.5,133.2,10.9,442.4,30.8,14.8,0.5,4.4,0.4,10.4,0.6,Kings
84.8,3.2,43.8,3.5,41.0,2.9,7.0,0.3,3.4,0.3,3.6,0.2,Kings
512.8,18.9,272.0,23.1,240.8,15.7,102.8,3.8,50.4,4.6,52.4,3.3,Kings
259.0,9.5,129.0,11.2,130.0,8.3,79.6,2.9,38.4,3.5,41.2,2.5,Kings
364.8,13.6,194.4,16.8,170.4,11.2,125.2,4.6,63.2,5.7,62.0,3.9,Kings
11343.2,421.3,5456.4,453.5,5886.8,404.7,3122.8,114.3,1541.2,134.6,1581.6,101.2,Queens
250.6,9.2,157.8,12.8,92.8,6.3,49.8,1.8,34.0,2.8,15.8,1.0,Queens
93.4,3.3,70.2,5.7,23.2,1.4,61.8,2.2,45.6,3.8,16.2,1.0,Queens
331.6,12.3,193.2,16.2,138.4,9.2,129.4,4.8,78.0,6.8,51.4,3.3,Queens
1031.0,38.3,535.8,44.9,495.2,33.2,311.0,11.3,155.0,13.5,156.0,9.8,Queens
723.4,26.9,365.2,30.9,358.2,23.8,262.0,9.5,129.4,11.3,132.6,8.3,Queens
307.6,11.4,170.6,14.0,137.0,9.4,49.0,1.8,25.6,2.2,23.4,1.5,Queens
282.6,10.1,199.2,15.8,83.4,5.5,164.4,5.9,106.2,8.7,58.2,3.8,Queens
353.0,12.9,166.0,14.2,187.0,11.9,246.0,9.0,116.0,10.0,130.0,8.1,Queens
65.0,2.4,53.8,4.5,11.2,0.7,18.0,0.6,14.0,1.2,4.0,0.2,Queens
1182.2,43.2,616.0,52.4,566.2,36.6,600.4,21.8,328.6,28.4,271.8,17.1,Queens
203.6,7.7,111.2,9.7,92.4,6.3,26.2,1.0,14.6,1.3,11.6,0.7,Queens
,,,,1736.6,121.9,,,,,249.2,16.3,Queens
,,,,125.0,9.4,,,,,33.8,2.3,Queens
,,,,441.2,29.3,,,,,88.8,5.7,Queens
,,,,164.2,11.6,,,,,80.2,5.3,Queens
,,1451.6,114.6,,,,,165.4,15.4,,,Queens
,,47.6,4.0,,,,,1.2,0.1,,,Queens
443.4,16.3,327.8,28.7,115.6,7.4,81.4,3.0,56.0,5.2,25.4,1.6,Queens
365.0,13.5,234.4,19.1,130.6,8.9,61.8,2.3,39.6,3.4,22.2,1.4,Queens
131.8,5.3,73.8,6.3,58.0,4.3,73.6,2.8,37.6,3.3,36.0,2.5,Queens
507.2,20.4,116.4,9.7,390.8,30.6,13.0,0.5,4.2,0.3,8.8,0.6,Queens
64.2,2.7,38.2,3.3,26.0,2.2,6.6,0.3,3.8,0.3,2.8,0.2,Queens
478.4,18.0,254.6,21.7,223.8,15.2,115.2,4.2,67.4,5.9,47.8,3.0,Queens
213.8,7.9,106.8,8.9,107.0,7.1,72.6,2.6,35.0,3.0,37.6,2.4,Queens
353.0,13.6,195.4,17.1,157.6,11.0,119.6,4.5,66.4,6.0,53.2,3.5,Queens
2999.2,526.2,1463.0,565.0,1536.2,501.8,834.2,145.0,415.2,170.8,419.0,127.5,Richmond
59.6,10.1,40.8,15.1,18.8,5.8,11.2,1.8,7.8,2.7,3.4,1.0,Richmond
25.8,4.3,19.4,7.1,6.4,2.0,20.4,3.5,15.4,5.7,5.0,1.6,Richmond
50.8,8.8,30.8,12.2,20.0,6.2,22.6,3.8,11.6,4.7,11.0,3.2,Richmond
230.6,40.5,122.0,48.1,108.6,34.0,85.8,14.9,43.6,18.2,42.2,12.4,Richmond
165.6,29.1,83.6,33.4,82.0,25.5,70.0,12.2,34.2,14.3,35.8,10.6,Richmond
65.0,11.4,38.4,14.7,26.6,8.5,15.8,2.7,9.4,3.9,6.4,1.8,Richmond
65.4,10.9,46.8,17.0,18.6,5.7,41.2,6.9,27.6,10.0,13.6,4.2,Richmond
89.8,15.3,45.0,17.2,44.8,13.7,64.2,10.9,30.0,11.7,34.2,10.4,Richmond
20.8,3.5,16.4,6.3,4.4,1.4,4.4,0.7,3.2,1.3,1.2,0.3,Richmond
382.6,65.9,183.4,72.5,199.2,61.5,204.2,35.6,103.2,42.2,101.0,30.8,Richmond
88.4,15.6,49.4,19.4,39.0,12.9,9.8,1.7,5.8,2.6,4.0,1.2,Richmond
,,,,407.8,134.4,,,,,56.8,16.8,Richmond
,,,,22.4,8.2,,,,,6.8,2.2,Richmond
,,,,115.8,35.9,,,,,20.6,6.3,Richmond
,,,,41.6,13.6,,,,,20.0,6.0,Richmond
,,328.8,117.6,,,,,37.0,17.0,,,Richmond
,,13.2,6.0,,,,,0.6,0.3,,,Richmond
147.8,25.6,113.8,45.7,34.0,10.3,29.6,5.3,20.8,9.5,8.8,2.6,Richmond
123.0,21.4,81.4,30.7,41.6,13.5,20.8,3.7,13.8,5.6,7.0,2.2,Richmond
38.2,7.0,20.0,7.9,18.2,6.2,22.6,4.0,13.2,5.1,9.4,3.0,Richmond
173.0,33.7,46.4,18.3,126.6,48.1,3.4,0.6,1.0,0.4,2.4,0.7,Richmond
18.4,3.8,11.6,4.8,6.8,2.8,2.4,0.4,1.6,0.6,0.8,0.2,Richmond
141.6,25.5,75.8,30.7,65.8,21.3,22.6,4.1,13.6,5.8,9.0,2.7,Richmond
53.2,9.2,30.6,12.0,22.6,6.9,15.2,2.7,9.0,3.7,6.2,2.0,Richmond
102.0,18.6,60.2,24.3,41.8,14.3,32.0,5.8,16.0,7.0,16.0,5.1,Richmond
1957.4,522.4,964.4,566.7,993.0,496.4,610.0,157.5,301.4,184.6,308.6,139.2,Albany
51.6,13.3,36.2,20.5,15.4,7.3,9.2,2.2,6.8,3.6,2.4,1.0,Albany
18.4,4.7,13.8,8.1,4.6,2.1,14.0,3.7,11.8,7.3,2.2,0.9,Albany
26.4,7.2,16.6,10.2,9.8,5.1,12.0,3.3,6.6,4.3,5.4,2.6,Albany
141.0,37.2,69.8,41.7,71.2,32.9,45.8,11.7,19.0,11.5,26.8,11.8,Albany
104.0,27.2,46.8,28.4,57.2,26.0,35.8,9.2,14.8,9.1,21.0,9.3,Albany
37.0,10.0,23.0,13.3,14.0,6.9,10.0,2.5,4.2,2.4,5.8,2.5,Albany
38.2,9.7,29.6,16.4,8.6,4.2,24.6,6.4,17.2,9.6,7.4,3.7,Albany
60.6,15.8,29.2,17.9,31.4,14.2,45.4,11.8,21.8,13.3,23.6,10.5,Albany
13.8,3.4,10.4,5.8,3.4,1.6,3.6,0.8,2.4,1.3,1.2,0.5,Albany
271.6,70.2,129.8,77.6,141.8,65.2,162.6,42.5,81.2,49.2,81.4,37.4,Albany
79.4,22.3,47.6,29.7,31.8,17.3,8.6,2.1,4.8,2.7,3.8,1.6,Albany
,,,,287.4,151.0,,,,,43.8,20.5,Albany
,,,,10.6,6.5,,,,,2.4,1.3,Albany
,,,,65.8,31.5,,,,,11.0,5.0,Albany
,,,,18.6,9.1,,,,,15.6,7.0,Albany
,,232.4,125.7,,,,,28.8,18.6,,,Albany
,,11.0,7.6,,,,,0.4,0.3,,,Albany
107.4,27.8,80.0,48.5,27.4,12.5,17.8,4.5,12.8,8.2,5.0,2.1,Albany
75.0,20.4,47.0,28.2,28.0,13.8,13.4,3.5,8.8,5.4,4.6,2.1,Albany
21.8,6.1,11.0,6.6,10.8,5.6,15.2,3.9,9.4,5.4,5.8,2.8,Albany
61.2,18.8,11.8,6.7,49.4,30.3,2.0,0.5,1.0,0.5,1.0,0.5,Albany
9.0,2.8,5.2,3.4,3.8,2.2,0.4,0.1,0.2,0.1,0.2,0.1,Albany
87.8,23.6,46.6,28.8,41.2,19.8,22.0,5.7,11.8,7.7,10.2,4.4,Albany
30.6,7.9,16.8,10.4,13.8,6.2,10.8,2.7,5.4,3.3,5.4,2.2,Albany
58.8,16.2,32.8,19.9,26.0,13.3,19.2,4.8,10.0,6.0,9.2,4.0,Albany
311.0,506.2,170.2,556.2,140.8,463.5,107.6,167.9,55.8,188.6,51.8,151.9,Allegany
8.6,12.6,6.4,19.0,2.2,6.3,0.8,1.2,0.8,2.6,0.0,0.0,Allegany
5.6,8.4,4.4,13.8,1.2,3.6,3.4,5.5,2.8,10.0,0.6,1.6,Allegany
5.2,8.2,2.6,8.4,2.6,8.3,1.6,2.4,0.6,2.2,1.0,2.8,Allegany
31.8,52.4,17.4,59.5,14.4,45.7,12.2,19.3,6.4,22.4,5.8,16.3,Allegany
21.6,35.9,11.0,38.7,10.6,34.0,10.0,16.0,5.2,18.6,4.8,13.6,Allegany
10.2,16.5,6.4,20.8,3.8,11.7,2.2,3.4,1.2,3.8,1.0,2.7,Allegany
3.0,4.7,1.8,5.6,1.2,3.9,2.2,3.4,1.0,3.2,1.2,3.5,Allegany
9.0,13.8,3.4,10.2,5.6,16.6,6.2,9.7,2.8,8.3,3.4,10.6,Allegany
3.0,4.7,2.8,8.7,0.2,0.8,1.2,2.0,1.0,3.6,0.2,0.5,Allegany
48.0,73.6,26.2,83.8,21.8,65.2,30.8,46.9,16.8,55.1,14.0,40.2,Allegany
17.8,31.4,11.6,40.7,6.2,23.7,2.4,3.5,1.8,5.5,0.6,2.1,Allegany
,,,,33.4,118.5,,,,,5.2,16.1,Allegany
,,,,1.6,7.3,,,,,0.8,3.6,Allegany
,,,,10.0,32.4,,,,,1.8,5.8,Allegany
,,,,4.6,14.0,,,,,3.4,10.0,Allegany
,,41.2,125.0,,,,,4.0,13.1,,,Allegany
,,0.8,2.8,,,,,0.0,0.0,,,Allegany
17.6,27.7,13.8,46.2,3.8,11.4,3.0,4.8,2.4,9.2,0.6,1.8,Allegany
10.0,16.5,5.6,18.6,4.4,14.3,2.8,4.1,2.2,7.4,0.6,1.6,Allegany
4.0,7.4,2.4,9.1,1.6,5.7,2.4,3.6,1.4,3.8,1.0,3.5,Allegany
4.6,9.8,1.2,5.3,3.4,14.4,0.4,0.5,0.0,0.0,0.4,1.0,Allegany
1.4,2.4,0.8,3.1,0.6,1.6,0.2,0.3,0.2,0.7,0.0,0.0,Allegany
9.8,16.4,5.8,20.1,4.0,13.2,2.8,4.8,1.6,6.3,1.2,3.3,Allegany
3.2,4.8,2.2,7.0,1.0,2.6,1.0,1.7,0.6,2.2,0.4,0.9,Allegany
7.8,12.8,5.2,19.3,2.6,7.2,3.8,5.9,1.8,6.4,2.0,5.5,Allegany
1287.4,502.8,643.4,533.5,644.0,484.8,428.4,154.4,220.4,181.8,208.0,135.2,Broome
35.4,13.9,27.0,23.0,8.4,6.0,8.4,3.1,6.4,5.2,2.0,1.3,Broome
16.6,6.3,12.0,10.0,4.6,3.3,13.2,4.6,11.0,8.7,2.2,1.4,Broome
15.4,5.8,9.8,8.3,5.6,3.7,5.4,2.2,3.6,3.1,1.8,1.3,Broome
92.6,35.5,49.0,41.6,43.6,30.2,34.0,12.4,17.0,14.5,17.0,10.5,Broome
62.8,23.9,31.6,27.1,31.2,21.1,26.4,9.5,12.4,10.7,14.0,8.5,Broome
29.8,11.7,17.4,14.5,12.4,9.1,7.6,2.9,4.6,3.8,3.0,2.0,Broome
20.2,7.6,15.8,12.6,4.4,3.2,16.4,6.0,11.0,9.0,5.4,3.6,Broome
43.4,15.0,21.8,17.0,21.6,13.1,34.8,12.0,17.0,13.5,17.8,10.6,Broome
7.0,2.7,4.8,3.7,2.2,1.8,1.8,0.7,1.0,0.7,0.8,0.7,Broome
170.8,63.6,87.2,71.6,83.6,57.6,111.8,40.4,57.2,46.7,54.6,36.1,Broome
69.4,28.3,41.2,35.1,28.2,23.5,5.4,2.2,2.8,2.7,2.6,1.7,Broome
,,,,185.2,145.6,,,,,24.0,16.5,Broome
,,,,7.8,7.5,,,,,3.4,2.6,Broome
,,,,45.2,34.7,,,,,7.8,5.1,Broome
,,,,19.6,16.1,,,,,11.4,7.4,Broome
,,140.0,106.8,,,,,21.8,17.6,,,Broome
,,8.2,10.0,,,,,0.4,0.7,,,Broome
62.4,22.8,48.8,39.9,13.6,9.8,13.2,4.4,9.2,7.5,4.0,2.5,Broome
44.2,17.4,28.4,24.2,15.8,11.2,11.0,3.8,7.0,5.5,4.0,2.6,Broome
16.8,7.6,9.0,8.6,7.8,6.7,10.2,4.4,6.2,5.7,4.0,3.1,Broome
36.4,18.5,10.2,10.4,26.2,26.4,1.8,0.6,0.8,0.5,1.0,0.6,Broome
6.0,3.2,3.4,3.6,2.6,2.8,0.6,0.2,0.0,0.0,0.6,0.5,Broome
49.8,19.6,26.6,23.1,23.2,16.7,15.4,5.5,9.2,7.7,6.2,4.1,Broome
20.0,7.7,11.4,9.3,8.6,6.2,8.0,2.8,4.6,3.7,3.4,2.0,Broome
44.4,16.9,26.0,22.4,18.4,12.3,17.8,6.5,9.6,8.4,8.2,5.0,Broome
520.8,500.6,272.2,544.9,248.6,467.8,171.6,158.2,86.6,173.5,85.0,147.6,Cattaraugus
16.0,15.0,11.4,22.8,4.6,7.3,4.4,3.8,3.2,5.9,1.2,1.6,Cattaraugus
6.0,5.5,5.6,10.6,0.4,0.6,6.2,5.5,5.2,9.7,1.0,1.5,Cattaraugus
6.0,5.4,4.4,8.6,1.6,2.6,1.6,1.6,1.0,2.4,0.6,1.0,Cattaraugus
40.8,41.7,21.2,45.4,19.6,38.6,15.0,14.4,7.2,14.7,7.8,14.2,Cattaraugus
28.4,29.1,14.6,31.5,13.8,26.8,12.6,12.2,5.8,12.1,6.8,12.4,Cattaraugus
12.4,12.6,6.6,13.9,5.8,11.8,2.4,2.2,1.4,2.7,1.0,1.8,Cattaraugus
6.6,5.8,5.6,9.9,1.0,1.9,4.2,3.5,3.0,5.2,1.2,1.9,Cattaraugus
14.6,13.8,8.4,16.4,6.2,11.6,10.4,9.4,6.0,11.9,4.4,7.5,Cattaraugus
4.6,4.0,4.0,7.7,0.6,0.9,0.6,0.5,0.4,0.8,0.2,0.3,Cattaraugus
80.4,72.0,41.0,79.1,39.4,67.2,51.6,47.5,26.0,51.2,25.6,44.3,Cattaraugus
28.2,29.3,17.4,38.0,10.8,23.6,1.6,1.4,1.4,2.9,0.2,0.3,Cattaraugus
,,,,62.8,119.5,,,,,9.4,17.5,Cattaraugus
,,,,4.4,11.0,,,,,0.6,1.1,Cattaraugus
,,,,19.0,36.8,,,,,3.0,5.4,Cattaraugus
,,,,6.2,11.8,,,,,5.0,8.2,Cattaraugus
,,66.8,119.4,,,,,5.0,10.6,,,Cattaraugus
,,2.8,8.6,,,,,0.2,0.5,,,Cattaraugus
27.8,25.6,20.4,41.4,7.4,12.0,4.6,4.2,3.0,6.2,1.6,2.7,Cattaraugus
19.2,19.0,12.2,26.0,7.0,12.9,3.8,3.3,2.6,4.9,1.2,2.3,Cattaraugus
7.0,7.8,4.0,9.7,3.0,6.0,5.0,5.3,2.6,5.5,2.4,5.0,Cattaraugus
11.6,14.1,2.4,5.8,9.2,22.1,0.2,0.2,0.0,0.0,0.2,0.5,Cattaraugus
2.6,3.3,1.6,3.8,1.0,2.9,0.8,0.7,0.2,0.5,0.6,0.8,Cattaraugus
20.2,19.4,10.4,21.9,9.8,16.6,7.0,6.1,3.2,6.0,3.8,5.9,Cattaraugus
5.8,5.8,3.0,6.3,2.8,5.3,1.6,1.6,0.8,1.6,0.8,1.4,Cattaraugus
15.6,15.2,7.6,17.1,8.0,14.0,4.2,3.9,2.4,5.4,1.8,3.1,Cattaraugus
549.2,522.6,294.4,581.8,254.8,476.8,179.0,163.6,95.8,193.7,83.2,141.9,Cayuga
12.8,12.0,8.6,17.0,4.2,6.7,1.6,1.3,0.4,0.7,1.2,1.8,Cayuga
7.4,6.4,6.0,10.8,1.4,2.5,7.4,6.3,6.6,12.1,0.8,1.1,Cayuga
8.4,8.5,6.0,12.6,2.4,4.9,2.4,2.6,2.0,4.8,0.4,0.6,Cayuga
39.4,36.3,21.0,40.7,18.4,31.5,15.2,13.3,8.6,17.6,6.6,10.1,Cayuga
27.2,24.5,11.4,22.0,15.8,26.2,12.8,11.2,7.0,14.5,5.8,8.8,Cayuga
12.2,11.9,9.6,18.7,2.6,5.2,2.4,2.1,1.6,3.1,0.8,1.3,Cayuga
6.6,6.2,4.2,8.2,2.4,4.5,7.2,6.7,5.6,11.4,1.6,2.7,Cayuga
11.2,9.8,4.2,8.1,7.0,11.5,8.8,7.6,3.8,7.6,5.0,7.6,Cayuga
4.4,3.8,3.6,6.4,0.8,1.5,1.4,1.2,1.2,2.1,0.2,0.4,Cayuga
90.2,82.6,46.2,89.2,44.0,77.6,53.6,49.4,26.8,53.6,26.8,46.4,Cayuga
26.6,27.7,14.0,29.0,12.6,27.8,3.2,3.0,2.2,4.7,1.0,1.5,Cayuga
,,,,67.4,129.3,,,,,10.6,19.4,Cayuga
,,,,2.8,7.1,,,,,1.0,2.3,Cayuga
,,,,19.4,34.5,,,,,1.4,2.2,Cayuga
,,,,4.8,9.2,,,,,3.0,5.8,Cayuga
,,78.8,143.9,,,,,7.2,15.2,,,Cayuga
,,3.8,10.3,,,,,0.2,0.5,,,Cayuga
31.0,28.8,23.6,48.0,7.4,13.0,4.8,4.1,2.8,5.2,2.0,3.3,Cayuga
18.4,18.3,13.2,25.9,5.2,10.6,5.2,4.3,3.4,6.3,1.8,2.8,Cayuga
6.4,7.1,4.2,9.5,2.2,4.9,3.8,3.7,2.0,4.3,1.8,3.2,Cayuga
10.6,12.8,3.8,8.9,6.8,17.5,0.2,0.1,0.2,0.3,0.0,0.0,Cayuga
2.6,2.9,2.0,4.6,0.6,1.4,0.4,0.4,0.4,1.0,0.0,0.0,Cayuga
22.6,22.8,12.4,26.3,10.2,20.0,6.8,6.3,3.2,6.7,3.6,6.2,Cayuga
5.0,4.7,1.8,3.8,3.2,5.7,2.0,2.0,1.2,2.4,0.8,1.5,Cayuga
19.0,18.5,12.0,24.5,7.0,12.8,6.2,5.7,3.8,7.7,2.4,4.1,Cayuga
941.2,530.1,500.8,587.2,440.4,486.4,296.4,157.3,156.0,185.6,140.4,136.4,Chautauqua
29.4,16.3,18.2,20.8,11.2,12.3,5.4,2.8,4.0,4.5,1.4,1.3,Chautauqua
12.2,6.9,8.8,10.9,3.4,3.5,9.6,5.7,7.4,9.1,2.2,2.8,Chautauqua
12.6,7.0,9.6,11.7,3.0,3.2,5.2,2.7,4.4,5.2,0.8,0.8,Chautauqua
60.4,34.2,31.2,38.7,29.2,30.3,26.0,13.8,13.2,15.8,12.8,12.4,Chautauqua
43.8,24.7,21.8,27.6,22.0,22.1,21.6,11.3,11.0,13.0,10.6,10.2,Chautauqua
16.6,9.5,9.4,11.2,7.2,8.2,4.4,2.5,2.2,2.8,2.2,2.2,Chautauqua
14.8,7.7,11.8,12.8,3.0,3.0,11.2,5.6,8.4,8.8,2.8,2.7,Chautauqua
22.0,11.5,9.8,10.8,12.2,11.9,18.0,9.4,6.6,7.3,11.4,10.9,Chautauqua
7.0,3.6,5.4,5.9,1.6,1.6,2.8,1.3,2.4,2.5,0.4,0.3,Chautauqua
132.6,71.7,68.2,79.9,64.4,65.8,88.6,47.1,47.0,55.6,41.6,40.5,Chautauqua
43.4,26.7,25.0,31.7,18.4,23.1,4.4,2.4,2.2,2.7,2.2,2.2,Chautauqua
,,,,121.4,136.2,,,,,15.4,14.9,Chautauqua
,,,,5.8,7.9,,,,,2.0,1.9,Chautauqua
,,,,32.8,36.9,,,,,5.4,5.4,Chautauqua
,,,,10.6,11.6,,,,,6.0,6.5,Chautauqua
,,148.2,159.0,,,,,10.6,12.6,,,Chautauqua
,,4.8,8.2,,,,,0.2,0.3,,,Chautauqua
56.8,30.4,43.2,51.6,13.6,13.0,9.8,5.1,6.6,8.0,3.2,3.0,Chautauqua
30.8,18.0,21.4,26.3,9.4,10.8,7.2,3.7,4.4,5.4,2.8,2.4,Chautauqua
11.6,7.7,6.2,8.8,5.4,6.8,7.8,4.6,4.4,5.9,3.4,3.7,Chautauqua
22.8,17.2,4.8,6.4,18.0,28.1,0.8,0.4,0.6,0.7,0.2,0.1,Chautauqua
4.8,3.8,1.6,2.6,3.2,5.1,0.6,0.3,0.2,0.3,0.4,0.4,Chautauqua
36.6,20.6,19.0,23.4,17.6,18.0,10.8,5.6,5.2,6.4,5.6,5.0,Chautauqua
12.8,7.1,7.4,8.9,5.4,5.6,4.8,2.6,1.8,2.2,3.0,3.0,Chautauqua
30.2,16.6,16.2,19.7,14.0,13.8,10.8,5.6,6.8,8.1,4.0,3.6,Chautauqua
608.8,537.4,310.6,583.3,298.2,507.9,198.6,165.1,106.6,202.6,92.0,136.2,Chemung
13.8,13.0,11.0,21.8,2.8,4.7,2.2,2.0,1.2,2.5,1.0,1.2,Chemung
7.4,6.5,5.8,10.8,1.6,2.6,6.8,5.6,5.6,10.2,1.2,1.7,Chemung
7.0,6.0,4.8,8.9,2.2,3.5,2.6,2.3,2.2,4.0,0.4,0.9,Chemung
39.6,36.1,24.0,46.9,15.6,27.0,12.2,10.1,8.0,15.4,4.2,5.8,Chemung
29.8,26.5,16.4,31.9,13.4,22.3,10.4,8.8,7.0,13.4,3.4,4.8,Chemung
9.8,9.5,7.6,15.0,2.2,4.8,1.8,1.3,1.0,2.0,0.8,1.0,Chemung
7.8,6.5,5.4,9.6,2.4,3.6,7.0,5.7,4.6,8.5,2.4,3.2,Chemung
17.4,14.3,8.8,15.9,8.6,13.1,14.2,11.3,7.4,13.5,6.8,9.3,Chemung
4.8,4.2,4.0,7.5,0.8,1.2,0.8,0.7,0.8,1.5,0.0,0.0,Chemung
87.2,72.7,46.6,86.2,40.6,61.9,53.2,44.2,29.4,54.6,23.8,35.9,Chemung
24.2,22.5,15.0,28.1,9.2,19.0,2.6,2.2,2.4,4.3,0.2,0.3,Chemung
,,,,80.4,139.3,,,,,12.8,19.1,Chemung
,,,,3.2,6.8,,,,,1.4,2.8,Chemung
,,,,19.6,32.9,,,,,1.8,3.2,Chemung
,,,,7.6,11.8,,,,,7.0,9.8,Chemung
,,63.8,110.3,,,,,11.4,22.1,,,Chemung
,,3.8,8.9,,,,,0.6,1.7,,,Chemung
33.2,27.7,23.6,44.0,9.6,14.7,6.6,5.2,3.4,6.3,3.2,4.7,Chemung
21.6,18.6,14.0,25.5,7.6,12.7,5.4,4.6,3.6,7.0,1.8,2.7,Chemung
8.6,9.2,4.8,10.2,3.8,8.5,4.4,4.2,3.0,6.3,1.4,2.3,Chemung
16.8,18.7,5.0,10.8,11.8,26.9,0.6,0.4,0.0,0.0,0.6,0.7,Chemung
2.2,2.5,1.4,3.3,0.8,1.8,0.4,0.3,0.2,0.3,0.2,0.3,Chemung
25.4,22.1,14.0,27.1,11.4,17.4,8.2,6.7,4.6,9.2,3.6,5.0,Chemung
9.4,7.8,5.0,9.0,4.4,6.9,3.4,3.0,1.4,2.8,2.0,3.2,Chemung
19.4,17.5,9.4,18.5,10.0,16.9,7.6,6.2,3.6,7.2,4.0,5.8,Chemung
364.4,534.8,181.8,537.3,182.6,540.7,114.8,160.9,57.2,172.3,57.6,155.2,Chenango
10.6,15.1,7.8,22.7,2.8,7.7,1.6,2.3,1.2,3.3,0.4,1.3,Chenango
4.8,6.2,3.6,9.6,1.2,3.1,2.4,3.2,1.2,3.5,1.2,3.0,Chenango
3.8,6.1,1.2,4.0,2.6,7.9,2.2,3.4,1.4,4.3,0.8,2.5,Chenango
31.8,46.1,16.4,49.9,15.4,42.9,10.0,14.2,3.6,10.7,6.4,17.1,Chenango
24.8,35.9,12.0,36.9,12.8,35.3,9.0,13.0,3.0,9.1,6.0,16.2,Chenango
7.0,10.2,4.4,13.0,2.6,7.6,1.0,1.2,0.6,1.7,0.4,0.9,Chenango
3.8,4.9,2.4,6.2,1.4,3.7,2.0,3.0,0.8,2.0,1.2,4.0,Chenango
10.2,14.4,5.0,15.0,5.2,14.0,9.0,12.4,4.8,15.0,4.2,10.2,Chenango
2.6,3.6,1.8,5.1,0.8,2.2,0.8,0.9,0.8,2.1,0.0,0.0,Chenango
53.4,73.2,27.0,76.7,26.4,71.3,32.8,45.1,16.8,48.1,16.0,43.0,Chenango
16.4,25.1,10.0,32.3,6.4,18.9,1.4,1.8,0.8,2.4,0.6,1.4,Chenango
,,,,46.8,138.1,,,,,6.6,18.8,Chenango
,,,,3.4,12.9,,,,,0.6,2.3,Chenango
,,,,16.8,53.1,,,,,1.2,2.9,Chenango
,,,,4.6,14.9,,,,,2.0,5.0,Chenango
,,38.6,103.0,,,,,6.0,19.5,,,Chenango
,,1.2,6.4,,,,,0.0,0.0,,,Chenango
17.8,24.1,15.2,44.2,2.6,6.9,4.4,6.2,3.6,11.4,0.8,1.9,Chenango
16.4,24.5,9.6,27.8,6.8,21.4,2.4,3.2,1.6,5.0,0.8,1.9,Chenango
4.8,9.1,2.4,9.2,2.4,9.0,2.0,3.6,1.0,3.5,1.0,3.9,Chenango
11.6,21.8,3.2,11.2,8.4,32.9,0.2,0.3,0.2,0.7,0.0,0.0,Chenango
1.6,3.2,1.0,4.4,0.6,2.1,0.0,0.0,0.0,0.0,0.0,0.0,Chenango
13.8,20.4,7.8,24.8,6.0,16.6,5.0,6.9,2.6,7.6,2.4,6.7,Chenango
3.6,5.3,2.2,6.8,1.4,3.9,1.0,1.5,0.6,1.9,0.4,1.2,Chenango
13.2,19.5,7.2,22.6,6.0,16.2,5.0,7.3,2.4,7.6,2.6,7.0,Chenango
523.0,515.1,271.2,551.7,251.8,493.8,157.0,154.2,87.4,187.3,69.6,129.1,Clinton
12.4,12.2,8.4,17.0,4.0,7.5,2.0,2.0,1.2,2.4,0.8,1.3,Clinton
6.0,5.3,4.8,9.1,1.2,2.0,4.8,4.6,3.8,7.4,1.0,2.1,Clinton
6.6,6.6,5.0,9.7,1.6,3.7,2.2,2.0,1.8,3.3,0.4,0.8,Clinton
37.8,39.1,20.6,44.9,17.2,33.9,11.4,11.2,7.0,15.0,4.4,7.8,Clinton
26.2,26.7,14.4,31.4,11.8,21.9,8.6,8.6,5.4,11.8,3.2,5.5,Clinton
11.6,12.5,6.2,13.5,5.4,12.0,2.8,2.7,1.6,3.2,1.2,2.3,Clinton
9.0,8.4,6.0,11.5,3.0,5.5,5.0,4.7,2.8,5.2,2.2,4.2,Clinton
13.8,13.0,6.6,12.9,7.2,13.0,10.2,9.6,4.8,9.6,5.4,9.4,Clinton
3.8,3.2,3.0,5.2,0.8,1.2,0.8,0.7,0.8,1.4,0.0,0.0,Clinton
102.0,97.8,51.8,106.0,50.2,91.9,47.8,46.4,26.4,55.1,21.4,39.1,Clinton
24.4,25.0,13.4,27.2,11.0,23.5,1.6,1.7,1.2,2.7,0.4,0.8,Clinton
,,,,57.6,117.1,,,,,7.8,15.3,Clinton
,,,,1.8,5.2,,,,,1.0,2.9,Clinton
,,,,15.0,26.0,,,,,1.4,2.5,Clinton
,,,,5.2,10.7,,,,,2.8,5.0,Clinton
,,49.6,92.0,,,,,7.8,17.5,,,Clinton
,,2.8,6.8,,,,,0.0,0.0,,,Clinton
24.8,23.8,20.0,41.9,4.8,8.1,4.6,4.5,3.8,8.4,0.8,1.3,Clinton
26.2,25.9,17.0,33.7,9.2,18.1,4.8,4.8,3.4,7.4,1.4,2.6,Clinton
6.0,6.4,4.0,8.8,2.0,3.9,3.4,3.6,1.8,4.2,1.6,2.9,Clinton
14.8,16.8,4.6,9.5,10.2,25.2,0.6,0.7,0.2,0.5,0.4,0.9,Clinton
2.6,3.2,1.4,3.2,1.2,3.3,0.0,0.0,0.0,0.0,0.0,0.0,Clinton
25.2,25.1,13.8,29.0,11.4,22.3,5.2,5.3,3.2,7.5,2.0,3.9,Clinton
11.8,12.2,6.8,13.6,5.0,11.2,4.0,4.0,2.6,6.2,1.4,2.5,Clinton
15.4,15.8,9.4,20.7,6.0,11.1,5.6,5.6,3.4,8.0,2.2,4.3,Clinton
467.0,495.8,241.4,519.0,225.6,481.2,143.6,143.1,77.6,164.7,66.0,125.2,Columbia
14.2,14.7,10.6,23.4,3.6,6.9,2.2,2.3,1.8,3.9,0.4,1.0,Columbia
5.4,5.4,4.0,8.8,1.4,2.3,3.4,3.6,2.6,6.2,0.8,1.4,Columbia
6.2,6.6,4.2,9.1,2.0,4.5,3.0,3.1,2.6,5.5,0.4,1.1,Columbia
35.0,36.9,17.0,38.2,18.0,35.9,15.6,16.0,7.6,15.8,8.0,15.9,Columbia
23.4,24.2,11.2,25.1,12.2,23.5,12.6,13.3,6.0,12.6,6.6,13.7,Columbia
11.6,12.6,5.8,13.1,5.8,12.4,3.0,2.7,1.6,3.1,1.4,2.2,Columbia
8.4,8.3,6.2,13.2,2.2,3.9,5.0,4.7,3.2,6.3,1.8,3.2,Columbia
13.2,13.5,7.2,15.4,6.0,11.4,10.4,10.2,5.4,11.2,5.0,9.0,Columbia
3.8,4.3,2.8,5.9,1.0,2.8,1.4,1.2,1.4,2.5,0.0,0.0,Columbia
69.2,68.7,33.8,70.1,35.4,68.2,35.8,35.9,19.4,41.3,16.4,31.0,Columbia
16.2,18.7,9.6,22.8,6.6,15.6,3.0,3.3,1.6,3.8,1.4,2.7,Columbia
,,,,61.4,135.7,,,,,8.2,16.3,Columbia
,,,,2.4,6.5,,,,,1.2,2.9,Columbia
,,,,15.0,28.5,,,,,2.4,4.2,Columbia
,,,,4.0,9.4,,,,,3.2,6.3,Columbia
,,59.4,115.3,,,,,6.4,13.9,,,Columbia
,,2.2,8.9,,,,,0.0,0.0,,,Columbia
26.0,25.7,19.4,40.2,6.6,12.9,3.0,2.8,2.0,4.1,1.0,1.8,Columbia
17.2,18.9,9.0,20.2,8.2,17.6,5.0,5.0,2.4,5.5,2.6,4.5,Columbia
5.4,6.1,3.2,7.8,2.2,4.6,2.4,2.4,1.2,2.1,1.2,2.7,Columbia
13.0,19.8,2.8,5.8,10.2,34.1,0.4,0.3,0.2,0.3,0.2,0.3,Columbia
2.4,4.0,0.8,2.1,1.6,5.9,0.2,0.2,0.2,0.4,0.0,0.0,Columbia
19.2,19.9,12.0,26.7,7.2,14.1,6.4,6.5,4.8,10.7,1.6,2.8,Columbia
6.0,6.0,4.4,9.3,1.6,2.9,2.8,2.7,1.6,3.5,1.2,1.9,Columbia
15.0,16.3,9.0,21.2,6.0,11.8,4.0,3.9,2.4,5.0,1.6,2.8,Columbia
301.6,530.3,153.6,567.5,148.0,504.1,90.6,155.8,46.6,179.4,44.0,138.9,Cortland
8.4,14.2,5.8,20.1,2.6,8.6,0.6,1.1,0.0,0.0,0.6,2.0,Cortland
3.6,6.4,2.2,9.0,1.4,4.3,3.4,6.3,2.2,9.0,1.2,4.4,Cortland
4.8,8.1,3.6,12.4,1.2,4.4,1.8,3.0,1.4,5.2,0.4,1.2,Cortland
22.8,39.9,10.2,40.1,12.6,39.5,8.4,14.5,4.4,17.3,4.0,11.4,Cortland
16.6,28.8,7.8,30.7,8.8,26.8,6.4,11.3,3.2,13.2,3.2,9.1,Cortland
6.2,11.2,2.4,9.4,3.8,12.7,2.0,3.2,1.2,4.2,0.8,2.3,Cortland
5.0,8.4,3.8,14.1,1.2,3.7,4.0,6.9,3.2,12.6,0.8,2.3,Cortland
8.4,15.0,4.2,15.6,4.2,14.7,5.4,9.6,2.8,10.4,2.6,8.8,Cortland
1.6,2.5,1.2,3.9,0.4,1.2,0.6,1.1,0.4,1.8,0.2,0.5,Cortland
49.6,84.8,24.6,92.5,25.0,78.9,27.4,45.7,14.8,53.4,12.6,39.8,Cortland
14.4,28.7,7.8,31.9,6.6,25.9,1.8,3.0,0.8,2.8,1.0,3.2,Cortland
,,,,38.8,133.7,,,,,5.2,16.7,Cortland
,,,,1.4,7.9,,,,,0.0,0.0,Cortland
,,,,13.8,48.9,,,,,1.4,4.0,Cortland
,,,,4.0,13.5,,,,,3.4,11.4,Cortland
,,40.4,135.4,,,,,2.0,7.9,,,Cortland
,,0.6,2.4,,,,,0.0,0.0,,,Cortland
17.6,30.1,13.6,52.3,4.0,12.1,2.2,4.4,2.0,8.9,0.2,0.8,Cortland
8.8,15.9,5.2,20.2,3.6,11.7,1.4,2.8,0.6,2.4,0.8,3.2,Cortland
3.0,5.6,1.2,4.8,1.8,6.4,1.2,2.1,0.4,1.7,0.8,2.6,Cortland
7.6,15.2,1.4,5.6,6.2,24.3,0.0,0.0,0.0,0.0,0.0,0.0,Cortland
1.2,2.4,1.0,4.5,0.2,0.4,0.0,0.0,0.0,0.0,0.0,0.0,Cortland
8.8,15.3,5.2,18.2,3.6,12.3,1.8,2.9,0.8,3.0,1.0,2.8,Cortland
2.6,4.7,1.4,5.8,1.2,3.9,2.4,4.4,1.4,6.0,1.0,3.2,Cortland
9.4,16.6,6.4,25.1,3.0,9.1,4.2,7.4,2.8,12.3,1.4,4.7,Cortland
334.0,473.9,167.8,473.8,166.2,478.5,116.6,152.8,65.4,182.7,51.2,126.5,Delaware
10.8,15.6,7.4,20.5,3.4,10.9,2.2,2.9,1.4,3.6,0.8,2.6,Delaware
3.6,4.3,3.0,7.4,0.6,1.3,4.0,5.0,2.8,7.5,1.2,2.7,Delaware
3.6,4.4,2.2,5.4,1.4,3.5,0.8,1.1,0.2,0.6,0.6,1.4,Delaware
30.6,41.5,17.0,49.3,13.6,34.3,11.4,14.3,6.6,17.6,4.8,11.4,Delaware
20.6,28.3,11.2,33.2,9.4,24.2,8.4,10.7,4.6,12.5,3.8,9.1,Delaware
10.0,13.2,5.8,16.1,4.2,10.1,3.0,3.6,2.0,5.1,1.0,2.3,Delaware
3.4,5.4,2.4,5.7,1.0,5.0,4.6,6.3,3.6,10.4,1.0,2.4,Delaware
7.6,10.8,3.8,11.8,3.8,9.7,6.6,9.4,3.6,11.8,3.0,7.1,Delaware
3.8,5.3,2.8,7.7,1.0,2.9,0.8,1.0,0.8,2.3,0.0,0.0,Delaware
48.8,64.1,26.6,71.7,22.2,57.2,30.6,39.4,18.0,48.5,12.6,30.8,Delaware
14.4,23.4,6.8,20.0,7.6,26.6,0.2,0.4,0.2,0.8,0.0,0.0,Delaware
,,,,42.2,121.3,,,,,6.8,17.2,Delaware
,,,,1.6,7.3,,,,,0.2,0.5,Delaware
,,,,12.6,34.4,,,,,1.6,3.9,Delaware
,,,,4.2,10.3,,,,,3.2,8.1,Delaware
,,33.4,83.0,,,,,6.4,17.8,,,Delaware
,,2.2,11.6,,,,,0.0,0.0,,,Delaware
21.2,27.4,15.2,40.9,6.0,14.6,5.0,6.5,3.8,10.3,1.2,3.1,Delaware
9.8,15.8,4.6,15.2,5.2,16.4,2.2,3.0,0.6,1.4,1.6,4.3,Delaware
2.4,5.0,0.8,2.9,1.6,7.0,2.4,3.7,1.0,3.3,1.4,3.9,Delaware
6.4,14.0,1.2,4.3,5.2,23.9,0.2,0.2,0.2,0.6,0.0,0.0,Delaware
1.4,3.3,0.4,1.9,1.0,4.8,0.2,0.2,0.0,0.0,0.2,0.5,Delaware
13.2,18.4,7.6,22.3,5.6,14.5,3.2,4.0,2.2,5.9,1.0,2.3,Delaware
6.2,8.0,3.2,8.7,3.0,6.9,2.0,2.7,1.0,2.9,1.0,2.2,Delaware
15.0,22.1,9.2,30.1,5.8,14.9,6.2,9.1,3.8,12.4,2.4,6.0,Delaware
1780.2,468.5,906.0,501.5,874.2,447.5,528.4,135.5,269.0,155.5,259.4,121.7,Dutchess
45.4,12.0,33.6,18.3,11.8,6.3,4.8,1.2,3.8,2.2,1.0,0.5,Dutchess
18.4,4.8,14.0,8.2,4.4,2.1,12.4,3.2,10.0,5.8,2.4,1.1,Dutchess
24.4,6.4,14.6,8.2,9.8,4.8,10.6,2.8,6.2,3.4,4.4,2.4,Dutchess
130.0,34.2,68.8,38.7,61.2,30.1,42.4,10.7,20.2,11.6,22.2,10.0,Dutchess
94.6,24.9,49.2,27.8,45.4,22.1,33.8,8.6,14.6,8.6,19.2,8.8,Dutchess
35.4,9.3,19.6,10.9,15.8,8.0,8.6,2.0,5.6,2.9,3.0,1.2,Dutchess
33.6,8.2,23.8,12.0,9.8,4.8,19.2,4.7,12.8,6.7,6.4,2.9,Dutchess
55.8,14.3,28.8,15.8,27.0,12.9,44.6,11.3,23.2,13.1,21.4,9.9,Dutchess
12.8,3.2,10.6,5.7,2.2,1.0,2.4,0.6,2.2,1.2,0.2,0.1,Dutchess
235.2,59.4,111.4,60.9,123.8,58.8,130.0,32.9,67.6,37.9,62.4,29.2,Dutchess
68.8,18.3,42.8,24.2,26.0,13.6,9.4,2.5,4.8,2.7,4.6,2.4,Dutchess
,,,,263.4,138.5,,,,,41.6,19.7,Dutchess
,,,,10.2,6.3,,,,,2.4,1.3,Dutchess
,,,,63.8,31.0,,,,,9.8,4.5,Dutchess
,,,,19.8,9.8,,,,,11.6,5.4,Dutchess
,,229.0,119.1,,,,,29.0,17.9,,,Dutchess
,,9.8,7.1,,,,,0.4,0.2,,,Dutchess
95.2,24.5,71.4,40.8,23.8,11.5,17.8,4.5,12.4,7.8,5.4,2.3,Dutchess
63.0,16.1,38.6,20.7,24.4,12.1,8.8,2.3,5.4,3.2,3.4,1.5,Dutchess
25.8,7.5,14.8,8.8,11.0,6.3,16.6,4.4,9.6,5.5,7.0,3.4,Dutchess
53.6,17.0,15.6,9.7,38.0,24.5,1.4,0.4,0.2,0.1,1.2,0.6,Dutchess
11.4,3.8,5.6,3.5,5.8,4.2,1.4,0.4,0.8,0.6,0.6,0.3,Dutchess
68.6,18.3,41.6,24.1,27.0,13.3,16.4,4.3,11.2,6.8,5.2,2.5,Dutchess
26.6,6.7,15.8,8.5,10.8,5.1,12.8,3.2,6.6,3.5,6.2,2.9,Dutchess
59.8,16.2,35.8,20.8,24.0,12.3,20.2,5.4,12.6,7.9,7.6,3.5,Dutchess
6458.2,541.5,3225.6,597.3,3232.6,506.4,2109.0,168.6,1064.8,201.7,1044.2,146.3,Erie
159.2,12.9,111.4,19.8,47.8,7.1,36.0,2.8,27.2,4.9,8.8,1.2,Erie
73.8,5.9,56.4,10.1,17.4,2.5,62.6,5.0,50.2,9.1,12.4,1.7,Erie
97.6,8.2,61.2,11.7,36.4,5.5,36.2,2.9,24.2,4.7,12.0,1.6,Erie
459.0,38.7,227.2,43.5,231.8,34.8,160.0,12.9,83.6,15.9,76.4,10.5,Erie
316.8,26.5,146.8,28.1,170.0,25.3,123.0,9.8,62.8,12.0,60.2,8.2,Erie
142.2,12.2,80.4,15.4,61.8,9.5,37.0,3.0,20.8,3.9,16.2,2.3,Erie
107.8,8.4,81.4,14.1,26.4,3.8,74.8,5.8,54.0,9.5,20.8,3.0,Erie
188.0,15.3,93.0,17.4,95.0,13.7,144.4,11.5,70.8,13.2,73.6,10.2,Erie
44.0,3.6,32.6,5.9,11.4,1.9,14.0,1.1,10.2,1.8,3.8,0.6,Erie
886.4,71.2,417.8,77.7,468.6,67.3,542.4,43.4,269.8,50.7,272.6,38.2,Erie
335.8,29.0,197.4,37.3,138.4,23.2,25.8,2.1,14.4,2.8,11.4,1.6,Erie
,,,,913.0,147.8,,,,,159.4,23.0,Erie
,,,,35.8,7.3,,,,,11.2,1.9,Erie
,,,,216.8,32.9,,,,,37.2,5.3,Erie
,,,,75.6,12.1,,,,,53.6,7.9,Erie
,,825.2,142.1,,,,,94.8,18.8,,,Erie
,,31.8,7.4,,,,,1.0,0.2,,,Erie
353.0,28.5,247.2,46.7,105.8,15.0,65.8,5.1,43.0,8.3,22.8,2.9,Erie
220.2,18.6,141.0,26.3,79.2,12.2,41.6,3.3,25.8,4.8,15.8,2.2,Erie
75.0,7.3,43.2,8.8,31.8,6.0,48.4,4.2,27.6,5.2,20.8,3.2,Erie
172.0,17.7,42.8,8.8,129.2,26.3,4.4,0.3,1.6,0.3,2.8,0.3,Erie
29.4,3.1,15.4,3.4,14.0,2.8,2.2,0.2,1.2,0.2,1.0,0.2,Erie
274.6,23.4,145.6,28.0,129.0,20.0,74.0,5.9,47.8,9.4,26.2,3.6,Erie
91.0,7.6,47.6,9.2,43.4,6.4,44.0,3.5,23.6,4.6,20.4,2.8,Erie
197.6,16.9,121.8,23.6,75.8,11.7,86.0,7.0,51.0,10.0,35.0,4.7,Erie
267.8,445.6,141.2,482.0,126.6,424.8,96.4,154.2,53.8,190.5,42.6,129.3,Essex
6.4,9.9,4.4,14.1,2.0,5.5,0.8,1.4,0.8,2.9,0.0,0.0,Essex
4.4,7.1,3.2,10.1,1.2,4.0,3.8,6.1,2.8,9.9,1.0,2.5,Essex
3.4,5.4,2.4,8.0,1.0,2.9,0.2,0.3,0.0,0.0,0.2,0.6,Essex
22.6,39.2,11.4,43.2,11.2,36.8,9.2,15.8,5.4,20.5,3.8,12.4,Essex
16.2,27.6,6.6,24.7,9.6,32.2,7.6,13.0,4.0,15.5,3.6,11.9,Essex
6.4,11.6,4.8,18.5,1.6,4.6,1.6,2.8,1.4,5.0,0.2,0.4,Essex
5.4,8.4,3.4,11.0,2.0,6.7,3.4,5.5,2.4,7.6,1.0,4.0,Essex
7.2,12.1,4.2,14.6,3.0,9.8,6.2,10.5,3.4,12.3,2.8,8.6,Essex
2.2,4.4,1.6,6.8,0.6,1.9,0.8,1.6,0.6,2.4,0.2,0.7,Essex
43.0,66.9,20.8,68.9,22.2,67.1,25.8,40.4,13.2,46.3,12.6,37.5,Essex
12.6,21.5,8.6,31.0,4.0,14.2,2.0,3.1,1.8,6.9,0.2,0.5,Essex
,,,,34.0,115.3,,,,,4.8,14.3,Essex
,,,,1.8,10.3,,,,,0.2,0.5,Essex
,,,,8.4,26.2,,,,,1.6,4.2,Essex
,,,,2.4,8.9,,,,,1.4,6.4,Essex
,,27.0,80.7,,,,,4.6,17.4,,,Essex
,,1.0,5.7,,,,,0.0,0.0,,,Essex
17.0,27.3,14.6,51.0,2.4,6.2,2.8,4.3,1.8,6.8,1.0,2.2,Essex
9.4,14.8,5.6,17.8,3.8,11.6,2.6,3.8,2.0,6.2,0.6,1.7,Essex
3.4,5.9,2.0,7.6,1.4,4.0,3.8,6.1,2.2,7.9,1.6,4.4,Essex
5.6,13.5,1.2,5.8,4.4,22.2,0.2,0.3,0.0,0.0,0.2,0.6,Essex
1.4,4.6,0.8,4.4,0.6,4.7,0.2,0.3,0.2,0.6,0.0,0.0,Essex
11.6,18.2,6.4,21.1,5.2,16.3,3.0,4.4,1.8,5.9,1.2,3.2,Essex
3.0,4.9,1.8,6.2,1.2,4.2,2.0,3.2,0.6,2.1,1.4,4.4,Essex
8.8,14.5,5.4,19.2,3.4,10.3,3.6,5.7,1.6,5.2,2.0,6.4,Essex
313.6,495.0,177.4,562.6,136.2,442.2,98.6,156.2,48.6,170.1,50.0,147.3,Franklin
5.6,8.6,4.0,11.9,1.6,5.2,0.6,1.0,0.4,1.3,0.2,0.5,Franklin
4.8,7.3,4.6,13.8,0.2,0.5,3.0,4.7,2.6,8.5,0.4,1.1,Franklin
3.0,4.5,1.6,4.8,1.4,4.1,0.6,1.0,0.2,0.6,0.4,1.2,Franklin
28.2,45.5,13.8,44.2,14.4,46.2,10.2,16.6,4.0,13.4,6.2,18.6,Franklin
22.8,36.4,10.6,33.9,12.2,38.0,7.6,12.3,2.4,7.8,5.2,15.7,Franklin
5.4,9.1,3.2,10.3,2.2,8.2,2.6,4.3,1.6,5.6,1.0,2.9,Franklin
4.0,6.4,2.4,7.8,1.6,4.9,3.0,4.5,2.2,6.6,0.8,2.3,Franklin
9.4,14.4,4.6,16.0,4.8,14.0,7.0,10.6,3.4,11.6,3.6,10.0,Franklin
3.4,4.8,2.6,7.2,0.8,2.2,1.4,2.1,1.2,3.7,0.2,0.5,Franklin
52.8,82.3,27.6,88.2,25.2,78.6,30.0,47.1,14.6,49.8,15.4,47.0,Franklin
10.8,17.1,5.4,16.9,5.4,18.5,0.6,0.9,0.4,1.7,0.2,0.5,Franklin
,,,,32.4,106.2,,,,,5.2,15.6,Franklin
,,,,1.6,5.5,,,,,0.4,1.3,Franklin
,,,,9.8,31.0,,,,,1.4,4.1,Franklin
,,,,2.2,7.6,,,,,1.4,3.9,Franklin
,,50.8,150.6,,,,,3.8,14.8,,,Franklin
,,1.4,4.3,,,,,0.2,0.7,,,Franklin
17.0,27.7,13.0,45.6,4.0,12.1,3.8,6.0,2.2,8.3,1.6,4.2,Franklin
10.6,16.5,6.8,19.8,3.8,12.3,2.2,3.6,1.4,5.1,0.8,2.2,Franklin
3.8,7.0,1.8,6.3,2.0,7.4,2.8,4.6,1.0,3.5,1.8,5.8,Franklin
5.0,9.1,2.2,6.6,2.8,12.6,0.2,0.2,0.2,0.5,0.0,0.0,Franklin
1.6,3.4,1.0,3.6,0.6,3.3,0.4,0.6,0.4,1.1,0.0,0.0,Franklin
12.4,20.4,8.0,28.1,4.4,14.3,2.6,4.6,1.8,7.0,0.8,2.5,Franklin
4.6,7.3,2.6,9.0,2.0,6.0,2.6,4.0,1.2,4.0,1.4,4.1,Franklin
11.0,18.8,7.8,28.2,3.2,10.9,3.0,5.1,2.0,8.6,1.0,2.5,Franklin
402.0,541.8,204.2,585.3,197.8,514.0,123.6,159.2,65.8,188.7,57.8,136.8,Fulton
9.2,11.8,6.6,17.2,2.6,6.9,2.0,2.6,1.6,4.2,0.4,1.4,Fulton
7.6,10.3,6.6,18.5,1.0,2.8,6.2,8.3,5.6,15.6,0.6,2.0,Fulton
4.2,5.4,3.2,9.1,1.0,2.4,0.6,0.8,0.4,1.0,0.2,0.6,Fulton
31.2,42.0,14.2,42.2,17.0,42.4,9.8,13.4,4.0,11.3,5.8,15.2,Fulton
22.2,30.5,9.4,29.7,12.8,31.9,7.6,10.5,2.6,7.7,5.0,12.9,Fulton
9.0,11.4,4.8,12.5,4.2,10.5,2.2,2.9,1.4,3.5,0.8,2.3,Fulton
4.6,5.8,2.8,7.6,1.8,4.1,2.6,3.2,1.0,3.0,1.6,3.2,Fulton
13.6,17.6,7.4,19.3,6.2,16.1,11.0,14.0,6.0,16.4,5.0,12.1,Fulton
2.6,3.5,2.4,6.9,0.2,0.5,0.8,1.0,0.6,1.4,0.2,0.5,Fulton
65.4,84.6,32.8,90.5,32.6,80.8,36.4,46.8,19.2,54.6,17.2,41.3,Fulton
15.6,23.5,9.6,29.6,6.0,20.2,1.0,1.2,0.8,2.5,0.2,0.3,Fulton
,,,,48.8,126.3,,,,,6.0,13.9,Fulton
,,,,2.6,7.9,,,,,0.8,2.0,Fulton
,,,,13.6,34.7,,,,,1.2,3.4,Fulton
,,,,5.0,12.6,,,,,2.0,4.1,Fulton
,,45.2,118.9,,,,,4.2,13.4,,,Fulton
,,1.8,7.6,,,,,0.2,0.5,,,Fulton
27.0,35.6,19.6,58.9,7.4,17.7,3.4,4.1,3.0,9.0,0.4,0.9,Fulton
14.2,20.1,8.6,25.8,5.6,14.6,2.6,3.4,1.4,4.1,1.2,2.7,Fulton
5.0,7.4,2.6,8.4,2.4,6.2,1.8,2.0,1.0,2.1,0.8,1.9,Fulton
7.8,13.4,2.0,6.4,5.8,20.6,0.0,0.0,0.0,0.0,0.0,0.0,Fulton
2.0,3.5,0.8,2.5,1.2,4.5,0.2,0.3,0.0,0.0,0.2,0.5,Fulton
14.6,20.3,7.2,21.9,7.4,18.0,3.6,5.1,2.4,7.9,1.2,2.6,Fulton
6.8,9.3,4.0,11.8,2.8,6.8,1.4,1.7,0.6,1.8,0.8,1.5,Fulton
12.2,16.7,6.8,19.9,5.4,14.5,3.6,4.5,1.6,5.0,2.0,4.3,Fulton
399.4,510.4,203.6,552.1,195.8,483.1,134.2,162.6,71.6,195.5,62.6,142.0,Genesee
10.8,13.6,7.8,20.3,3.0,7.7,2.4,2.7,2.0,5.5,0.4,0.8,Genesee
4.4,5.4,3.8,9.7,0.6,1.4,2.8,3.4,2.4,6.1,0.4,0.9,Genesee
3.8,5.1,1.8,4.5,2.0,5.7,1.4,1.7,1.0,2.6,0.4,1.0,Genesee
27.6,35.8,16.2,45.4,11.4,27.9,9.4,11.6,6.2,18.1,3.2,7.6,Genesee
19.6,25.2,11.4,33.1,8.2,18.7,7.0,8.7,4.6,13.2,2.4,5.6,Genesee
8.0,10.6,4.8,12.3,3.2,9.2,2.4,2.9,1.6,4.8,0.8,2.0,Genesee
4.2,4.9,3.2,7.8,1.0,2.1,3.2,3.6,2.4,5.8,0.8,1.6,Genesee
11.2,14.2,5.4,14.7,5.8,14.0,10.6,12.4,5.2,14.2,5.4,11.2,Genesee
4.0,4.7,3.6,8.7,0.4,1.0,0.2,0.3,0.2,0.6,0.0,0.0,Genesee
60.4,73.6,29.0,77.2,31.4,73.0,40.6,49.2,22.2,59.4,18.4,42.0,Genesee
22.8,29.7,13.4,37.2,9.4,23.6,1.8,2.0,1.6,3.7,0.2,0.5,Genesee
,,,,56.8,140.1,,,,,8.2,19.3,Genesee
,,,,1.4,3.8,,,,,0.6,1.4,Genesee
,,,,15.0,34.9,,,,,2.4,5.2,Genesee
,,,,4.4,11.5,,,,,3.6,8.2,Genesee
,,45.8,113.7,,,,,7.6,21.8,,,Genesee
,,1.8,6.6,,,,,0.0,0.0,,,Genesee
22.2,28.2,17.0,47.5,5.2,11.3,5.6,6.3,3.4,10.0,2.2,4.6,Genesee
15.6,19.6,9.6,26.0,6.0,15.0,3.0,3.6,2.2,6.0,0.8,1.8,Genesee
5.0,7.0,3.2,9.6,1.8,4.8,3.4,4.3,2.0,5.7,1.4,3.1,Genesee
8.4,15.1,3.0,11.4,5.4,19.1,0.6,0.7,0.2,0.6,0.4,0.9,Genesee
1.8,3.0,0.4,1.9,1.4,4.2,0.4,0.6,0.2,0.5,0.2,0.8,Genesee
15.2,19.8,8.0,22.8,7.2,17.1,3.0,3.9,1.6,5.0,1.4,3.2,Genesee
6.0,8.0,2.4,7.1,3.6,9.0,3.0,3.6,1.2,3.6,1.8,3.8,Genesee
14.6,19.4,8.8,24.3,5.8,15.0,6.2,7.7,3.0,8.2,3.2,7.4,Genesee
360.0,511.0,191.0,538.7,169.0,491.5,126.8,173.3,71.8,203.4,55.0,145.9,Greene
9.8,14.3,7.8,22.7,2.0,6.0,2.0,2.9,1.6,4.8,0.4,1.1,Greene
4.2,5.8,3.0,8.2,1.2,3.3,2.4,3.2,1.8,5.1,0.6,1.2,Greene
4.6,6.5,2.6,8.5,2.0,4.8,2.4,3.1,2.0,5.6,0.4,0.8,Greene
30.4,44.6,16.0,46.2,14.4,43.3,8.8,13.5,4.4,13.5,4.4,13.5,Greene
21.4,30.7,10.6,31.2,10.8,30.3,6.2,9.5,2.8,8.6,3.4,10.4,Greene
9.0,13.9,5.4,15.0,3.6,13.1,2.6,4.0,1.6,4.9,1.0,3.1,Greene
4.2,5.1,3.8,9.4,0.4,0.8,4.2,4.9,3.2,7.7,1.0,2.2,Greene
13.2,18.3,7.8,22.0,5.4,14.3,12.4,17.2,7.2,20.2,5.2,14.6,Greene
3.0,4.3,2.6,7.7,0.4,1.0,1.0,1.3,0.6,1.8,0.4,1.0,Greene
60.4,79.9,31.4,86.5,29.0,74.1,34.6,45.9,19.2,53.9,15.4,38.3,Greene
11.4,16.6,7.8,23.0,3.6,11.3,1.6,1.8,1.2,2.9,0.4,0.9,Greene
,,,,43.2,124.9,,,,,7.0,21.6,Greene
,,,,1.6,6.6,,,,,0.8,3.5,Greene
,,,,12.8,36.0,,,,,2.0,4.8,Greene
,,,,4.6,12.2,,,,,3.2,8.4,Greene
,,39.2,99.2,,,,,4.6,12.8,,,Greene
,,1.2,5.6,,,,,0.2,0.9,,,Greene
22.0,30.6,17.8,51.0,4.2,11.5,5.0,6.5,4.2,11.8,0.8,2.0,Greene
12.4,17.1,7.6,20.8,4.8,13.7,3.0,3.9,2.0,5.3,1.0,2.1,Greene
3.2,5.2,2.2,6.8,1.0,4.0,2.4,3.2,1.8,4.8,0.6,1.3,Greene
14.0,25.7,4.2,14.7,9.8,37.9,1.2,1.5,0.6,1.7,0.6,1.2,Greene
2.4,4.8,1.6,5.8,0.8,3.5,0.2,0.6,0.2,1.2,0.0,0.0,Greene
15.2,22.7,6.8,21.7,8.4,24.5,6.0,8.8,4.4,13.4,1.6,4.3,Greene
4.6,6.4,3.4,9.7,1.2,3.1,2.4,3.3,1.0,3.1,1.4,3.5,Greene
12.4,17.8,8.0,21.7,4.4,13.9,4.4,5.9,2.4,6.8,2.0,5.1,Greene
46.2,531.4,25.2,547.4,21.0,515.7,18.4,203.6,10.8,222.7,7.6,185.3,Hamilton
1.0,9.9,0.8,15.9,0.2,3.7,0.2,3.4,0.2,6.6,0.0,0.0,Hamilton
0.8,11.1,0.6,11.9,0.2,10.6,0.6,9.5,0.4,9.0,0.2,10.6,Hamilton
0.8,8.6,0.6,13.3,0.2,3.7,0.2,3.4,0.2,6.6,0.0,0.0,Hamilton
4.4,45.9,2.0,36.6,2.4,55.4,2.0,21.2,0.8,14.8,1.2,27.6,Hamilton
3.2,33.4,1.2,21.1,2.0,44.6,1.4,16.3,0.2,4.7,1.2,27.6,Hamilton
1.2,12.5,0.8,15.5,0.4,10.8,0.6,4.9,0.6,10.1,0.0,0.0,Hamilton
0.6,5.9,0.6,11.3,0.0,0.0,0.2,1.5,0.2,3.0,0.0,0.0,Hamilton
2.4,24.4,1.6,31.0,0.8,17.6,1.4,14.4,0.6,12.0,0.8,18.2,Hamilton
,,,,,,,,,,,,Hamilton
6.6,71.9,4.0,78.2,2.6,63.8,5.6,63.0,3.8,80.4,1.8,45.0,Hamilton
2.0,21.9,1.4,26.5,0.6,17.8,0.2,1.5,0.2,3.0,0.0,0.0,Hamilton
,,,,6.8,161.0,,,,,1.2,34.7,Hamilton
,,,,0.2,2.9,,,,,0.0,0.0,Hamilton
,,,,1.4,42.3,,,,,0.2,5.4,Hamilton
,,,,0.4,9.1,,,,,0.2,5.4,Hamilton
,,4.4,92.2,,,,,1.0,20.1,,,Hamilton
,,,,,,,,,,,,Hamilton
2.8,29.3,2.6,54.9,0.2,4.3,0.6,6.5,0.4,9.8,0.2,3.1,Hamilton
2.0,33.7,1.2,41.3,0.8,25.6,0.4,2.9,0.2,2.8,0.2,2.9,Hamilton
0.2,2.2,0.0,0.0,0.2,4.3,0.6,6.3,0.4,9.2,0.2,3.1,Hamilton
0.6,12.1,0.0,0.0,0.6,24.9,0.0,0.0,0.0,0.0,0.0,0.0,Hamilton
0.2,1.5,0.2,3.0,0.0,0.0,0.0,0.0,0.0,0.0,0.0,0.0,Hamilton
2.4,23.6,1.0,18.2,1.4,30.1,0.8,7.7,0.4,7.3,0.4,8.4,Hamilton
0.6,5.1,0.2,2.8,0.4,7.2,0.2,2.5,0.2,5.1,0.0,0.0,Hamilton
2.0,28.2,1.8,51.8,0.2,3.7,0.6,6.9,0.4,8.3,0.2,5.4,Hamilton
456.0,519.1,240.4,568.3,215.6,478.8,146.2,160.1,79.6,194.0,66.6,132.5,Herkimer
12.6,14.0,7.4,16.9,5.2,12.0,2.4,2.6,1.8,4.6,0.6,1.2,Herkimer
4.8,4.7,4.0,8.7,0.8,1.3,6.6,6.8,5.8,13.2,0.8,1.3,Herkimer
8.2,8.7,6.0,13.9,2.2,4.0,2.4,2.4,1.4,3.4,1.0,1.7,Herkimer
38.0,44.2,19.0,48.5,19.0,38.8,13.0,15.4,7.8,21.1,5.2,10.2,Herkimer
26.8,31.0,11.4,30.1,15.4,30.7,9.8,11.2,5.8,14.8,4.0,8.0,Herkimer
11.2,13.1,7.6,18.5,3.6,8.1,3.2,4.2,2.0,6.3,1.2,2.2,Herkimer
7.2,7.0,6.2,13.4,1.0,1.8,3.8,3.9,3.4,7.7,0.4,0.7,Herkimer
14.8,16.2,7.4,17.1,7.4,14.9,11.0,11.6,5.0,11.3,6.0,11.5,Herkimer
2.4,2.9,1.6,4.1,0.8,2.0,0.6,0.6,0.4,0.7,0.2,0.4,Herkimer
69.6,76.5,34.4,81.9,35.2,71.2,40.2,43.9,21.4,51.1,18.8,38.0,Herkimer
16.8,21.3,9.2,24.2,7.6,19.8,2.4,3.1,1.8,4.9,0.6,1.8,Herkimer
,,,,54.6,121.6,,,,,8.2,16.9,Herkimer
,,,,2.6,9.0,,,,,0.4,1.0,Herkimer
,,,,15.2,33.1,,,,,3.2,6.0,Herkimer
,,,,5.6,11.5,,,,,3.2,6.6,Herkimer
,,63.6,134.9,,,,,7.2,17.8,,,Herkimer
,,2.0,6.9,,,,,0.6,1.6,,,Herkimer
25.6,27.9,19.8,47.7,5.8,11.9,3.0,3.3,2.2,5.6,0.8,1.6,Herkimer
16.4,19.9,10.6,27.5,5.8,13.2,2.0,2.4,1.2,3.3,0.8,1.5,Herkimer
7.0,9.3,3.6,9.6,3.4,9.3,5.0,5.5,2.4,5.9,2.6,5.0,Herkimer
10.8,16.9,2.2,5.7,8.6,28.2,1.0,1.2,0.6,1.5,0.4,0.9,Herkimer
2.2,3.0,1.2,3.0,1.0,3.0,0.6,0.8,0.4,1.1,0.2,0.4,Herkimer
17.4,19.7,10.0,24.0,7.4,15.6,4.6,5.2,2.0,4.9,2.6,5.3,Herkimer
4.4,5.3,2.4,6.1,2.0,4.9,1.2,1.4,0.6,1.4,0.6,1.4,Herkimer
16.2,18.6,9.6,23.9,6.6,13.9,6.8,7.4,4.4,11.0,2.4,4.5,Herkimer
652.6,565.7,346.0,639.6,306.6,514.6,202.6,176.2,105.2,207.5,97.4,155.3,Jefferson
18.0,14.7,14.4,25.3,3.6,5.6,3.8,3.5,3.2,6.7,0.6,0.9,Jefferson
7.8,6.8,6.2,11.6,1.6,2.5,7.6,7.0,6.6,13.4,1.0,1.6,Jefferson
5.8,5.4,3.8,7.2,2.0,3.8,1.2,1.1,0.4,0.6,0.8,1.4,Jefferson
55.4,48.2,27.8,53.0,27.6,45.4,20.6,17.9,11.0,22.5,9.6,14.9,Jefferson
41.4,36.5,20.0,39.6,21.4,35.0,17.4,15.2,8.4,17.9,9.0,14.1,Jefferson
14.0,11.8,7.8,13.3,6.2,10.4,3.2,2.6,2.6,4.6,0.6,0.8,Jefferson
7.8,6.8,4.8,8.5,3.0,5.0,4.6,4.0,2.2,4.3,2.4,3.8,Jefferson
14.6,12.7,8.0,14.4,6.6,11.0,10.6,9.5,5.6,10.6,5.0,8.3,Jefferson
6.2,5.1,4.4,7.6,1.8,3.2,1.8,1.3,1.4,2.3,0.4,0.6,Jefferson
108.8,93.7,55.6,104.7,53.2,84.7,61.4,52.9,30.2,58.7,31.2,49.0,Jefferson
35.4,31.3,20.0,38.3,15.4,26.7,2.8,2.3,2.2,3.8,0.6,0.9,Jefferson
,,,,74.2,126.6,,,,,10.4,17.7,Jefferson
,,,,3.4,7.0,,,,,0.8,1.4,Jefferson
,,,,19.4,31.8,,,,,2.4,3.6,Jefferson
,,,,8.4,13.6,,,,,4.6,7.7,Jefferson
,,78.2,136.7,,,,,9.6,19.7,,,Jefferson
,,7.2,10.1,,,,,0.0,0.0,,,Jefferson
34.4,30.0,25.8,51.1,8.6,13.2,5.6,4.7,3.8,8.0,1.8,2.2,Jefferson
22.2,19.5,14.2,27.1,8.0,13.5,3.6,3.1,1.8,3.5,1.8,2.5,Jefferson
8.8,8.0,5.0,9.4,3.8,7.2,4.4,3.9,2.6,5.0,1.8,3.0,Jefferson
14.0,12.7,4.0,6.7,10.0,19.2,0.4,0.4,0.2,0.5,0.2,0.2,Jefferson
2.4,2.4,1.6,3.1,0.8,1.7,0.6,0.6,0.4,0.8,0.2,0.3,Jefferson
25.6,23.0,14.0,28.0,11.6,19.4,4.2,3.9,2.2,5.2,2.0,3.2,Jefferson
8.6,7.8,3.4,5.9,5.2,9.2,3.8,3.3,1.6,2.6,2.2,3.7,Jefferson
22.0,19.2,13.2,25.0,8.8,15.5,7.2,6.2,4.0,7.6,3.2,5.0,Jefferson
176.6,499.9,92.2,527.1,84.4,479.7,72.0,197.2,37.2,219.3,34.8,182.0,Lewis
4.2,11.9,3.0,16.8,1.2,6.3,1.4,3.7,0.8,4.9,0.6,2.3,Lewis
1.0,2.6,1.0,5.7,0.0,0.0,1.0,2.7,1.0,5.5,0.0,0.0,Lewis
1.6,4.4,1.6,8.8,0.0,0.0,1.0,2.7,0.6,3.4,0.4,2.1,Lewis
17.6,54.7,8.0,49.8,9.6,60.4,7.0,19.8,4.0,25.2,3.0,15.4,Lewis
12.0,36.6,5.0,32.1,7.0,41.6,5.4,15.2,2.8,17.1,2.6,13.6,Lewis
5.6,18.1,3.0,17.8,2.6,18.8,1.6,4.6,1.2,8.1,0.4,1.8,Lewis
2.0,5.9,1.4,8.0,0.6,3.8,2.6,7.1,2.0,11.2,0.6,3.2,Lewis
5.6,14.6,2.2,11.1,3.4,16.9,6.8,17.9,3.2,17.5,3.6,17.9,Lewis
0.6,1.4,0.4,1.7,0.2,1.1,0.4,1.7,0.0,0.0,0.4,3.4,Lewis
20.8,57.7,12.2,70.6,8.6,46.6,18.2,50.5,9.2,54.3,9.0,47.2,Lewis
7.2,21.3,3.8,22.7,3.4,20.8,1.0,2.8,0.6,3.6,0.4,2.0,Lewis
,,,,24.2,136.3,,,,,4.0,21.0,Lewis
,,,,0.8,5.2,,,,,0.8,5.1,Lewis
,,,,5.8,30.9,,,,,1.2,6.7,Lewis
,,,,2.2,10.9,,,,,1.6,8.2,Lewis
,,24.4,127.0,,,,,2.8,16.6,,,Lewis
,,1.0,10.2,,,,,0.0,0.0,,,Lewis
9.2,24.6,7.0,39.3,2.2,11.2,2.0,5.8,1.4,8.9,0.6,2.8,Lewis
5.0,14.3,3.0,17.4,2.0,11.2,1.2,3.2,1.0,5.4,0.2,0.8,Lewis
2.0,6.3,0.6,3.3,1.4,9.3,2.2,6.1,1.0,5.3,1.2,7.1,Lewis
3.2,12.8,0.8,6.4,2.4,19.5,0.0,0.0,0.0,0.0,0.0,0.0,Lewis
0.8,3.0,0.4,3.4,0.4,2.6,0.0,0.0,0.0,0.0,0.0,0.0,Lewis
8.8,24.1,5.8,32.5,3.0,15.9,3.8,9.8,2.0,11.6,1.8,8.7,Lewis
3.8,10.8,2.4,14.6,1.4,7.6,1.0,2.8,0.6,3.5,0.4,2.4,Lewis
7.6,21.5,4.2,24.5,3.4,19.3,2.6,7.2,1.2,7.3,1.4,7.6,Lewis
409.8,497.1,224.4,567.1,185.4,442.1,140.2,168.6,72.8,191.8,67.4,151.1,Livingston
9.6,12.7,6.6,17.7,3.0,7.5,2.2,2.7,1.4,3.6,0.8,1.8,Livingston
6.2,6.9,4.6,11.3,1.6,3.6,4.0,4.3,2.6,6.3,1.4,2.8,Livingston
6.0,7.4,3.8,9.9,2.2,5.6,3.2,4.0,1.8,4.9,1.4,3.2,Livingston
31.8,39.0,18.4,47.0,13.4,32.2,11.8,15.0,6.2,17.0,5.6,13.7,Livingston
21.2,26.6,11.8,30.8,9.4,23.3,10.0,12.5,5.2,14.7,4.8,10.9,Livingston
10.6,12.4,6.6,16.3,4.0,8.9,1.8,2.5,1.0,2.3,0.8,2.8,Livingston
6.6,7.3,4.6,11.0,2.0,4.3,6.0,7.2,3.8,9.7,2.2,5.0,Livingston
10.0,11.9,5.4,14.0,4.6,9.9,9.0,10.6,4.6,12.0,4.4,9.1,Livingston
1.6,1.8,0.6,1.4,1.0,2.3,1.2,1.5,0.8,2.0,0.4,1.0,Livingston
60.2,70.2,30.8,76.9,29.4,64.9,41.8,49.3,22.8,57.9,19.0,41.9,Livingston
21.8,27.9,15.0,40.4,6.8,17.2,1.6,2.0,0.8,2.5,0.8,1.6,Livingston
,,,,56.0,135.3,,,,,8.4,18.5,Livingston
,,,,1.0,4.3,,,,,0.8,2.7,Livingston
,,,,14.8,35.1,,,,,1.8,4.1,Livingston
,,,,5.4,12.5,,,,,3.8,7.8,Livingston
,,59.0,134.6,,,,,5.6,14.8,,,Livingston
,,1.8,4.9,,,,,0.0,0.0,,,Livingston
19.0,22.9,15.6,40.9,3.4,7.1,4.4,5.3,3.6,9.7,0.8,2.1,Livingston
16.8,20.9,12.4,31.7,4.4,11.3,2.2,3.2,1.4,4.4,0.8,2.2,Livingston
7.2,10.2,4.2,12.4,3.0,7.8,4.4,5.6,1.8,4.6,2.6,6.4,Livingston
7.0,10.1,3.0,8.5,4.0,12.2,0.2,0.2,0.0,0.0,0.2,0.4,Livingston
1.6,2.4,1.2,3.6,0.4,1.4,0.2,0.2,0.2,0.4,0.0,0.0,Livingston
15.4,18.6,8.6,22.3,6.8,15.9,4.6,5.3,3.0,8.5,1.6,3.2,Livingston
4.6,5.9,2.8,8.0,1.8,4.4,1.2,1.4,0.6,1.5,0.6,1.3,Livingston
12.6,15.3,6.4,17.1,6.2,13.2,5.2,6.5,2.0,5.5,3.2,7.5,Livingston
455.0,491.4,243.6,544.2,211.4,449.9,145.0,153.9,79.0,184.2,66.0,129.2,Madison
10.8,12.0,9.2,21.3,1.6,3.8,1.8,2.1,1.2,2.6,0.6,1.7,Madison
6.2,6.3,4.8,9.9,1.4,3.2,4.6,4.5,4.0,8.6,0.6,1.0,Madison
5.0,5.1,3.2,6.5,1.8,3.7,1.4,1.7,0.6,1.2,0.8,2.1,Madison
33.6,37.0,18.6,44.4,15.0,30.2,12.0,13.3,6.8,17.1,5.2,10.1,Madison
23.0,25.7,12.2,30.4,10.8,21.6,9.0,10.1,5.4,13.7,3.6,7.2,Madison
10.6,11.2,6.4,14.0,4.2,8.6,3.0,3.2,1.4,3.4,1.6,2.9,Madison
3.4,3.6,2.6,6.1,0.8,1.6,2.2,2.2,1.2,2.8,1.0,1.7,Madison
11.4,12.1,6.0,13.6,5.4,11.0,8.6,9.1,4.4,10.0,4.2,8.2,Madison
2.4,2.9,1.6,4.2,0.8,1.7,1.0,1.1,0.8,1.6,0.2,0.6,Madison
73.0,74.9,38.2,81.4,34.8,69.4,44.8,45.7,23.6,52.0,21.2,40.2,Madison
18.6,21.5,8.8,21.3,9.8,22.8,1.4,1.4,0.8,1.8,0.6,1.0,Madison
,,,,62.6,135.2,,,,,6.8,12.8,Madison
,,,,1.6,5.0,,,,,0.6,2.0,Madison
,,,,13.6,27.4,,,,,2.0,3.8,Madison
,,,,3.8,8.8,,,,,1.8,4.0,Madison
,,65.2,131.3,,,,,8.0,20.3,,,Madison
,,2.6,7.6,,,,,0.2,0.5,,,Madison
27.2,28.6,19.8,45.3,7.4,14.5,6.0,6.4,3.8,9.5,2.2,4.1,Madison
17.0,17.7,11.4,24.9,5.6,11.5,2.6,2.5,2.2,4.7,0.4,0.6,Madison
6.6,8.5,4.2,11.9,2.4,5.5,3.2,3.8,2.0,5.5,1.2,2.5,Madison
11.6,14.5,3.6,7.7,8.0,21.3,0.2,0.2,0.2,0.6,0.0,0.0,Madison
2.0,2.7,1.2,3.9,0.8,1.5,0.0,0.0,0.0,0.0,0.0,0.0,Madison
21.0,23.7,10.6,26.3,10.4,22.0,6.8,7.9,3.4,9.0,3.4,6.8,Madison
6.0,6.3,3.4,7.9,2.6,5.1,3.2,3.3,1.8,4.3,1.4,2.6,Madison
14.6,16.7,8.8,21.9,5.8,11.7,6.2,6.7,4.2,10.1,2.0,3.6,Madison
4669.8,504.9,2320.2,551.7,2349.6,475.1,1488.2,156.3,754.6,185.7,733.6,136.5,Monroe
114.2,12.2,77.0,18.1,37.2,7.2,24.0,2.6,15.2,3.7,8.8,1.6,Monroe
43.6,4.6,31.6,7.5,12.0,2.2,43.2,4.5,31.4,7.4,11.8,2.2,Monroe
62.6,6.7,39.6,9.6,23.0,4.5,25.4,2.7,16.0,3.8,9.4,1.8,Monroe
344.4,37.1,172.4,41.2,172.0,33.8,119.8,12.6,64.4,15.8,55.4,10.0,Monroe
247.4,26.6,118.0,28.4,129.4,25.2,93.8,9.8,48.4,11.9,45.4,8.0,Monroe
97.0,10.5,54.4,12.8,42.6,8.6,26.0,2.8,16.0,3.8,10.0,1.9,Monroe
71.2,7.3,47.4,10.7,23.8,4.6,52.0,5.4,34.4,8.1,17.6,3.5,Monroe
138.0,14.6,69.2,16.8,68.8,12.9,121.2,12.8,62.4,15.3,58.8,10.8,Monroe
30.2,3.1,24.2,5.5,6.0,1.2,10.4,1.1,8.0,1.9,2.4,0.5,Monroe
599.4,62.7,293.8,69.9,305.6,57.8,367.0,38.6,190.2,46.4,176.8,33.1,Monroe
243.2,27.7,129.6,32.4,113.6,24.9,18.0,1.9,10.8,2.7,7.2,1.3,Monroe
,,,,706.8,146.0,,,,,92.4,17.7,Monroe
,,,,26.8,6.3,,,,,10.8,2.4,Monroe
,,,,164.6,32.2,,,,,31.6,5.8,Monroe
,,,,54.4,11.2,,,,,35.2,6.5,Monroe
,,608.2,135.4,,,,,72.6,18.6,,,Monroe
,,24.8,7.2,,,,,0.2,0.0,,,Monroe
232.2,24.2,172.8,42.2,59.4,11.1,45.4,4.6,32.6,8.2,12.8,2.2,Monroe
182.0,20.1,119.0,28.6,63.0,13.1,31.6,3.3,20.0,5.0,11.6,2.1,Monroe
54.2,6.3,28.6,7.2,25.6,5.8,41.4,4.6,21.6,5.3,19.8,4.2,Monroe
124.6,15.6,38.2,9.8,86.4,21.1,4.6,0.5,2.0,0.5,2.6,0.5,Monroe
27.4,3.6,15.4,4.2,12.0,3.0,2.6,0.3,1.4,0.4,1.2,0.2,Monroe
201.0,22.0,111.2,27.2,89.8,18.1,56.6,6.1,28.4,7.2,28.2,5.3,Monroe
69.2,7.2,38.0,9.1,31.2,5.9,32.6,3.4,17.8,4.3,14.8,2.6,Monroe
144.8,15.7,84.8,21.0,60.0,11.7,60.8,6.4,32.8,8.3,28.0,5.1,Monroe
348.6,529.3,177.2,580.2,171.4,491.3,113.2,164.8,57.2,191.9,56.0,145.4,Montgomery
8.6,13.4,6.2,20.9,2.4,6.6,2.8,4.4,2.0,7.0,0.8,2.1,Montgomery
4.0,5.7,3.6,10.7,0.4,1.4,2.8,5.1,2.0,7.3,0.8,3.3,Montgomery
3.8,6.1,1.8,5.7,2.0,6.5,1.0,1.5,0.4,1.1,0.6,1.8,Montgomery
31.0,49.9,15.8,55.3,15.2,46.0,8.6,12.3,3.8,13.3,4.8,11.9,Montgomery
22.8,35.5,11.6,40.5,11.2,31.7,7.0,9.6,2.6,8.8,4.4,10.6,Montgomery
8.2,14.4,4.2,14.8,4.0,14.3,1.6,2.7,1.2,4.4,0.4,1.2,Montgomery
5.0,6.3,3.0,7.5,2.0,4.9,2.6,3.5,1.2,3.5,1.4,3.3,Montgomery
13.8,19.0,6.6,20.4,7.2,17.7,10.4,14.8,4.8,16.3,5.6,13.4,Montgomery
1.2,1.9,0.4,1.3,0.8,2.3,0.6,0.9,0.4,1.5,0.2,0.3,Montgomery
56.0,80.0,28.4,88.9,27.6,73.7,31.6,44.6,17.0,52.7,14.6,38.5,Montgomery
10.4,16.3,6.2,20.9,4.2,12.7,1.6,3.0,1.0,4.2,0.6,2.1,Montgomery
,,,,44.0,129.2,,,,,5.6,14.6,Montgomery
,,,,1.2,5.1,,,,,0.6,2.2,Montgomery
,,,,9.2,24.5,,,,,2.2,5.5,Montgomery
,,,,2.8,8.3,,,,,2.4,6.2,Montgomery
,,37.4,111.3,,,,,5.0,16.4,,,Montgomery
,,1.8,8.0,,,,,0.0,0.0,,,Montgomery
19.0,27.3,13.0,42.5,6.0,15.6,4.0,5.6,3.0,10.6,1.0,2.5,Montgomery
15.6,25.2,9.2,31.7,6.4,20.1,2.0,2.6,1.4,4.5,0.6,1.2,Montgomery
4.4,7.9,3.2,11.6,1.2,4.4,3.4,6.3,1.8,7.3,1.6,5.5,Montgomery
7.8,14.2,2.0,6.9,5.8,21.4,0.8,1.2,0.4,1.5,0.4,0.9,Montgomery
1.2,2.2,0.6,2.4,0.6,2.0,0.2,0.4,0.2,0.9,0.0,0.0,Montgomery
13.0,20.5,6.6,23.6,6.4,17.9,3.4,5.0,1.8,6.3,1.6,3.9,Montgomery
7.4,11.8,4.0,15.1,3.4,8.8,1.8,2.6,0.8,2.9,1.0,2.1,Montgomery
15.4,24.2,9.6,34.1,5.8,14.7,4.8,7.0,2.2,7.8,2.6,5.9,Montgomery
8890.8,505.8,4386.4,546.2,4504.4,481.2,2363.0,127.0,1149.2,145.4,1213.8,114.9,Nassau
181.6,10.3,116.8,14.5,64.8,6.9,27.0,1.4,14.6,1.8,12.4,1.1,Nassau
73.8,4.1,54.0,6.7,19.8,1.9,49.4,2.7,36.8,4.6,12.6,1.2,Nassau
141.8,8.0,84.2,10.6,57.6,5.9,52.6,2.9,29.4,3.7,23.2,2.3,Nassau
679.2,38.4,334.4,42.6,344.8,34.7,211.0,11.2,104.6,13.2,106.4,9.7,Nassau
489.4,27.4,228.0,29.1,261.4,26.0,175.4,9.3,82.0,10.3,93.4,8.4,Nassau
189.8,10.9,106.4,13.5,83.4,8.8,35.6,2.0,22.6,2.9,13.0,1.2,Nassau
124.2,6.7,87.6,10.3,36.6,3.7,83.8,4.5,54.2,6.6,29.6,2.9,Nassau
289.2,15.7,146.6,18.1,142.6,13.8,210.0,11.2,105.4,13.0,104.6,9.7,Nassau
46.4,2.6,37.6,4.6,8.8,0.9,12.8,0.7,9.6,1.2,3.2,0.3,Nassau
961.2,52.8,425.6,53.7,535.6,52.9,492.0,26.6,241.0,30.5,251.0,24.1,Nassau
395.0,22.5,234.4,29.6,160.6,17.4,32.8,1.8,22.6,2.9,10.2,1.0,Nassau
,,,,1323.4,147.3,,,,,185.6,18.2,Nassau
,,,,48.6,6.2,,,,,12.4,1.4,Nassau
,,,,322.2,32.8,,,,,59.6,5.7,Nassau
,,,,111.6,12.2,,,,,62.4,6.1,Nassau
,,1174.4,136.8,,,,,110.6,14.1,,,Nassau
,,36.2,5.9,,,,,1.0,0.1,,,Nassau
454.6,24.6,342.8,43.3,111.8,10.6,77.8,4.0,52.8,6.8,25.0,2.1,Nassau
313.8,17.8,206.4,25.5,107.4,11.2,49.2,2.6,31.6,3.8,17.6,1.5,Nassau
110.6,7.0,60.6,8.1,50.0,5.9,71.2,4.1,40.4,5.1,30.8,3.3,Nassau
338.8,23.0,96.4,13.0,242.4,32.5,10.0,0.5,4.2,0.5,5.8,0.5,Nassau
49.4,3.5,26.2,3.9,23.2,3.2,5.0,0.3,2.4,0.3,2.6,0.3,Nassau
403.4,23.1,215.8,27.8,187.6,19.5,95.0,5.1,53.0,6.7,42.0,3.9,Nassau
150.6,8.3,83.8,10.5,66.8,6.6,51.2,2.7,28.2,3.5,23.0,2.1,Nassau
307.0,17.8,182.4,23.5,124.6,13.3,108.6,5.9,64.8,8.6,43.8,4.0,Nassau
1585.6,550.5,826.6,615.2,759.0,506.1,513.2,171.6,278.2,213.9,235.0,142.6,Niagara
39.4,13.2,26.0,18.4,13.4,8.8,7.0,2.3,5.0,3.5,2.0,1.2,Niagara
19.8,6.4,16.6,11.4,3.2,2.2,17.2,5.5,14.8,10.1,2.4,1.6,Niagara
21.8,7.2,13.6,10.0,8.2,5.0,7.2,2.3,5.2,3.7,2.0,1.2,Niagara
115.0,40.5,62.4,48.0,52.6,34.7,32.6,11.0,16.0,12.1,16.6,10.0,Niagara
80.0,27.9,40.8,31.4,39.2,25.2,27.4,9.3,13.0,9.9,14.4,8.7,Niagara
35.0,12.7,21.6,16.7,13.4,9.5,5.2,1.7,3.0,2.2,2.2,1.3,Niagara
23.6,7.5,16.6,11.0,7.0,4.3,18.2,6.0,10.8,7.7,7.4,4.5,Niagara
45.8,15.4,23.4,17.6,22.4,13.7,32.0,10.8,15.8,12.2,16.2,9.8,Niagara
10.8,3.7,9.0,6.7,1.8,1.2,3.0,0.9,2.0,1.5,1.0,0.5,Niagara
230.2,76.8,113.6,84.4,116.6,72.5,150.6,49.7,85.0,64.6,65.6,39.5,Niagara
82.6,30.7,44.8,34.4,37.8,28.7,4.6,1.7,2.6,2.2,2.0,1.2,Niagara
,,,,211.8,142.6,,,,,32.6,20.6,Niagara
,,,,8.6,7.9,,,,,2.4,1.5,Niagara
,,,,47.8,31.4,,,,,7.4,4.7,Niagara
,,,,19.0,12.7,,,,,12.6,7.9,Niagara
,,202.0,138.3,,,,,22.8,18.6,,,Niagara
,,8.2,8.3,,,,,0.6,0.6,,,Niagara
104.8,34.7,77.6,59.0,27.2,16.0,14.8,4.9,11.2,8.8,3.6,2.2,Niagara
53.2,18.3,34.6,25.6,18.6,11.8,11.4,3.7,6.8,5.1,4.6,2.6,Niagara
21.2,8.5,12.2,10.2,9.0,7.3,11.4,4.2,7.4,5.6,4.0,3.0,Niagara
37.4,16.6,12.2,10.9,25.2,22.2,1.6,0.5,1.0,0.9,0.6,0.3,Niagara
8.8,4.1,5.0,5.0,3.8,3.3,0.4,0.2,0.4,0.4,0.0,0.0,Niagara
65.0,22.4,34.2,25.4,30.8,20.2,19.4,6.5,11.2,8.7,8.2,4.9,Niagara
17.6,6.1,10.6,8.2,7.0,4.2,9.0,3.2,5.6,4.6,3.4,2.2,Niagara
48.6,17.8,28.8,23.7,19.8,13.4,19.0,6.3,11.8,9.6,7.2,4.1,Niagara
1565.8,515.2,815.4,566.6,750.4,480.6,524.0,163.4,284.0,199.7,240.0,136.0,Oneida
40.6,13.7,30.4,20.9,10.2,7.1,9.2,2.9,7.0,4.7,2.2,1.3,Oneida
18.2,5.8,12.8,8.8,5.4,3.4,16.4,4.9,13.4,8.9,3.0,1.7,Oneida
22.6,7.4,13.8,9.6,8.8,5.9,5.6,1.9,2.8,2.0,2.8,1.9,Oneida
111.8,37.6,55.6,40.4,56.2,35.7,40.2,12.4,22.4,15.8,17.8,9.9,Oneida
78.0,26.0,35.6,26.5,42.4,26.2,34.0,10.4,18.2,12.9,15.8,8.6,Oneida
33.8,11.5,20.0,13.9,13.8,9.5,6.2,2.1,4.2,3.0,2.0,1.3,Oneida
25.0,8.0,17.0,11.6,8.0,4.8,16.6,5.1,11.4,7.7,5.2,3.0,Oneida
49.2,15.3,26.2,18.0,23.0,13.0,34.8,10.7,19.8,13.7,15.0,8.2,Oneida
17.8,5.8,13.0,8.8,4.8,3.2,4.8,1.5,3.2,2.1,1.6,0.9,Oneida
230.2,72.6,123.0,85.4,107.2,62.8,139.2,43.5,78.4,54.2,60.8,35.2,Oneida
52.4,18.6,28.8,21.1,23.6,17.5,7.0,2.2,4.0,2.9,3.0,1.6,Oneida
,,,,199.8,130.2,,,,,28.0,16.3,Oneida
,,,,7.6,5.7,,,,,2.6,1.4,Oneida
,,,,59.4,37.6,,,,,10.0,5.8,Oneida
,,,,22.6,14.6,,,,,13.6,8.3,Oneida
,,205.6,131.3,,,,,23.0,16.5,,,Oneida
,,7.8,6.9,,,,,0.2,0.1,,,Oneida
88.0,27.5,68.0,48.3,20.0,11.2,19.4,5.9,13.8,10.1,5.6,2.9,Oneida
54.6,18.3,34.2,24.2,20.4,13.4,8.8,2.7,5.4,3.6,3.4,2.0,Oneida
21.8,8.3,12.4,9.9,9.4,6.8,13.6,4.5,8.6,6.0,5.0,3.3,Oneida
47.8,19.5,15.0,11.6,32.8,27.9,1.6,0.5,1.0,0.8,0.6,0.3,Oneida
8.6,3.7,3.6,2.7,5.0,4.6,1.2,0.4,1.0,0.8,0.2,0.1,Oneida
67.4,22.3,37.2,27.1,30.2,18.2,23.2,7.4,13.4,10.2,9.8,5.1,Oneida
23.0,7.4,13.6,9.8,9.4,5.3,8.6,2.7,4.2,3.1,4.4,2.3,Oneida
53.0,18.0,31.4,23.0,21.6,13.8,20.2,6.3,11.8,8.4,8.4,4.8,Oneida
3004.8,519.2,1520.8,571.7,1484.0,481.8,935.8,158.2,471.0,184.7,464.8,140.4,Onondaga
73.8,12.7,48.6,18.1,25.2,8.1,13.2,2.2,7.6,2.8,5.6,1.7,Onondaga
27.4,4.6,21.4,8.0,6.0,1.9,26.2,4.3,22.2,8.3,4.0,1.1,Onondaga
46.0,7.9,30.4,11.7,15.6,5.0,14.2,2.5,8.4,3.4,5.8,1.9,Onondaga
224.0,39.1,109.0,43.2,115.0,35.8,77.6,13.1,37.6,15.2,40.0,11.6,Onondaga
153.6,26.8,71.6,28.8,82.0,25.2,58.8,9.7,27.6,11.3,31.2,8.7,Onondaga
70.4,12.3,37.4,14.3,33.0,10.6,18.8,3.3,10.0,3.9,8.8,2.9,Onondaga
48.2,7.8,35.4,12.3,12.8,3.9,33.6,5.6,22.6,8.3,11.0,3.4,Onondaga
89.6,15.3,45.4,17.4,44.2,13.6,71.6,11.9,34.6,13.3,37.0,10.7,Onondaga
22.6,3.7,18.4,6.6,4.2,1.3,7.0,1.2,6.2,2.4,0.8,0.2,Onondaga
449.6,75.6,220.0,83.9,229.6,69.9,249.2,41.7,130.0,49.7,119.2,35.8,Onondaga
107.2,19.5,60.6,24.2,46.6,16.3,12.2,2.1,8.2,3.2,4.0,1.3,Onondaga
,,,,413.4,136.7,,,,,63.8,19.9,Onondaga
,,,,16.4,6.5,,,,,5.0,1.6,Onondaga
,,,,99.2,32.2,,,,,13.2,3.9,Onondaga
,,,,30.2,9.9,,,,,21.0,6.5,Onondaga
,,444.0,152.8,,,,,41.4,17.0,,,Onondaga
,,13.6,6.2,,,,,0.6,0.2,,,Onondaga
152.6,26.1,111.4,44.4,41.2,12.5,24.2,4.0,17.0,6.8,7.2,2.1,Onondaga
108.0,19.0,66.8,25.4,41.2,13.7,17.4,2.9,11.2,4.2,6.2,1.9,Onondaga
39.2,7.5,21.8,8.8,17.4,6.4,29.8,5.6,17.4,7.1,12.4,4.4,Onondaga
83.4,17.2,19.4,7.9,64.0,26.1,4.2,0.7,2.4,1.0,1.8,0.5,Onondaga
15.6,3.1,8.0,3.4,7.6,2.8,1.6,0.3,0.8,0.3,0.8,0.2,Onondaga
117.0,20.6,59.6,23.2,57.4,18.3,27.4,4.6,15.0,6.1,12.4,3.5,Onondaga
41.4,7.2,21.0,8.2,20.4,6.4,15.6,2.7,6.4,2.6,9.2,2.8,Onondaga
103.2,18.1,59.8,23.4,43.4,13.9,39.6,7.0,19.2,8.1,20.4,6.4,Onondaga
777.0,511.9,402.0,568.9,375.0,473.7,253.6,161.4,132.2,194.6,121.4,138.6,Ontario
20.2,13.0,14.0,19.1,6.2,8.2,4.0,2.7,3.0,4.8,1.0,1.3,Ontario
9.8,6.2,8.8,12.5,1.0,1.1,8.2,5.4,7.4,10.8,0.8,0.9,Ontario
8.8,5.9,5.6,8.3,3.2,4.2,2.0,1.4,1.4,2.4,0.6,0.6,Ontario
49.6,34.2,22.4,33.9,27.2,34.3,17.2,11.1,7.4,11.4,9.8,10.6,Ontario
35.2,23.9,13.2,19.8,22.0,27.4,14.6,9.3,5.6,8.8,9.0,9.7,Ontario
14.4,10.3,9.2,14.1,5.2,6.9,2.6,1.7,1.8,2.6,0.8,0.9,Ontario
9.2,5.7,6.4,8.6,2.8,3.3,7.8,4.9,5.2,6.9,2.6,3.2,Ontario
23.0,14.7,12.2,17.8,10.8,12.2,17.4,11.0,9.0,13.3,8.4,9.1,Ontario
5.8,3.7,4.8,6.7,1.0,1.1,1.8,1.2,1.4,2.2,0.4,0.5,Ontario
107.4,68.0,53.6,74.3,53.8,63.7,67.8,42.4,33.0,46.6,34.8,40.1,Ontario
42.4,30.0,26.2,38.2,16.2,23.8,5.4,3.7,3.6,5.3,1.8,2.2,Ontario
,,,,118.2,149.1,,,,,15.4,18.0,Ontario
,,,,4.2,8.0,,,,,1.4,1.5,Ontario
,,,,28.6,33.1,,,,,4.4,4.6,Ontario
,,,,8.0,10.6,,,,,6.6,7.7,Ontario
,,108.8,141.2,,,,,10.2,15.5,,,Ontario
,,2.8,6.4,,,,,0.2,0.6,,,Ontario
41.4,26.9,32.2,47.5,9.2,11.2,8.2,4.9,5.6,8.2,2.6,2.9,Ontario
26.8,18.3,18.4,26.8,8.4,10.8,5.4,3.3,4.4,6.1,1.0,1.0,Ontario
9.2,6.4,4.8,7.0,4.4,6.2,7.2,5.1,4.6,6.4,2.6,4.2,Ontario
13.2,11.6,3.8,6.7,9.4,16.2,1.2,0.8,0.0,0.0,1.2,1.3,Ontario
3.8,3.0,1.4,2.3,2.4,3.6,0.6,0.4,0.2,0.4,0.4,0.4,Ontario
32.0,21.5,17.8,25.9,14.2,18.1,12.6,8.1,7.2,11.2,5.4,5.6,Ontario
11.2,7.4,7.0,9.8,4.2,5.3,5.6,3.5,3.4,5.0,2.2,2.4,Ontario
28.2,18.6,17.2,25.1,11.0,13.1,12.0,7.7,8.0,11.9,4.0,4.7,Ontario
2036.8,496.2,1007.2,528.3,1029.6,479.9,739.6,183.1,358.2,204.8,381.4,170.7,Orange
49.2,11.7,34.4,17.5,14.8,6.8,9.0,2.1,6.2,3.3,2.8,1.2,Orange
21.0,5.1,16.8,9.0,4.2,1.9,15.4,3.6,11.2,5.7,4.2,1.9,Orange
35.0,8.6,20.2,10.5,14.8,7.0,14.0,3.5,8.2,4.5,5.8,2.6,Orange
164.0,40.5,88.4,48.0,75.6,34.5,61.8,15.5,30.0,17.0,31.8,14.5,Orange
119.4,29.6,60.4,33.5,59.0,26.7,48.6,12.2,24.0,13.6,24.6,11.2,Orange
44.6,10.8,28.0,14.5,16.6,7.7,13.2,3.3,6.0,3.4,7.2,3.3,Orange
41.0,9.3,28.8,13.7,12.2,5.5,31.2,7.4,21.2,10.9,10.0,4.5,Orange
61.6,14.6,31.2,16.0,30.4,13.5,59.8,14.6,29.8,16.3,30.0,13.2,Orange
12.0,2.8,9.4,5.0,2.6,1.2,4.8,1.2,4.0,2.4,0.8,0.3,Orange
254.8,62.9,121.6,66.4,133.2,60.9,177.8,44.4,86.6,48.9,91.2,41.5,Orange
84.0,20.3,48.8,25.9,35.2,16.1,11.2,2.6,7.8,4.2,3.4,1.5,Orange
,,,,294.0,138.6,,,,,56.4,24.6,Orange
,,,,19.6,10.6,,,,,5.8,2.8,Orange
,,,,73.0,31.8,,,,,15.8,7.0,Orange
,,,,26.2,12.1,,,,,18.4,8.3,Orange
,,236.6,114.7,,,,,34.6,21.8,,,Orange
,,11.8,6.9,,,,,0.4,0.2,,,Orange
97.8,23.9,77.0,43.3,20.8,9.0,21.6,5.6,16.2,10.4,5.4,2.4,Orange
75.8,18.1,51.2,25.8,24.6,11.3,13.4,3.3,8.0,4.3,5.4,2.5,Orange
22.0,5.5,14.4,7.6,7.6,3.8,19.8,5.0,10.2,5.3,9.6,4.6,Orange
73.6,20.1,18.4,9.9,55.2,30.3,1.6,0.4,1.0,0.6,0.6,0.3,Orange
10.8,2.8,5.8,3.1,5.0,2.6,1.2,0.3,1.0,0.5,0.2,0.1,Orange
99.4,24.3,56.4,30.2,43.0,19.7,27.2,6.7,15.4,9.0,11.8,5.0,Orange
35.0,8.5,18.2,9.2,16.8,7.8,14.6,3.7,7.8,4.5,6.8,2.9,Orange
59.8,15.2,34.0,19.4,25.8,12.4,31.6,8.1,16.2,9.7,15.4,7.2,Orange
292.8,544.0,154.6,604.5,138.2,498.6,97.4,178.5,52.2,213.5,45.2,155.2,Orleans
6.2,11.1,4.2,16.5,2.0,6.9,2.2,3.9,1.2,4.5,1.0,3.6,Orleans
4.2,7.0,3.2,10.3,1.0,3.7,3.6,6.5,2.6,9.0,1.0,3.9,Orleans
3.0,5.8,1.8,6.7,1.2,4.7,1.4,2.2,1.4,5.0,0.0,0.0,Orleans
24.0,45.2,12.2,46.7,11.8,42.3,7.8,14.4,4.2,17.3,3.6,11.8,Orleans
15.8,30.3,7.4,28.8,8.4,30.2,6.6,12.1,3.6,14.5,3.0,9.9,Orleans
8.2,14.9,4.8,17.9,3.4,12.1,1.2,2.3,0.6,2.9,0.6,1.9,Orleans
6.0,10.6,3.8,13.7,2.2,7.4,5.0,8.9,2.6,9.8,2.4,7.9,Orleans
11.4,20.8,5.8,23.1,5.6,18.2,8.2,15.2,4.0,15.5,4.2,15.5,Orleans
2.4,4.4,1.6,6.6,0.8,2.8,0.6,0.8,0.4,1.1,0.2,0.6,Orleans
48.4,85.8,26.0,100.4,22.4,74.8,26.8,48.9,14.2,57.3,12.6,42.8,Orleans
16.4,32.2,9.6,39.5,6.8,26.4,1.0,1.9,0.6,2.5,0.4,1.3,Orleans
,,,,29.8,110.7,,,,,4.4,14.9,Orleans
,,,,1.4,5.8,,,,,0.8,2.7,Orleans
,,,,11.4,40.2,,,,,1.4,5.0,Orleans
,,,,3.0,10.1,,,,,1.2,4.0,Orleans
,,32.0,115.6,,,,,2.4,11.5,,,Orleans
,,2.4,12.0,,,,,0.0,0.0,,,Orleans
17.0,30.8,13.4,51.9,3.6,12.3,4.8,9.3,4.0,17.9,0.8,2.8,Orleans
10.2,19.6,5.6,22.9,4.6,17.0,2.6,4.4,1.8,6.1,0.8,2.6,Orleans
2.6,5.6,1.0,4.8,1.6,6.5,2.8,5.6,1.0,4.8,1.8,6.5,Orleans
6.4,13.1,0.6,2.5,5.8,23.8,0.0,0.0,0.0,0.0,0.0,0.0,Orleans
1.6,3.3,0.6,2.1,1.0,4.5,0.2,0.4,0.2,0.9,0.0,0.0,Orleans
11.4,20.7,6.2,23.4,5.2,18.4,4.4,8.0,2.4,9.8,2.0,6.5,Orleans
3.4,6.1,2.2,8.1,1.2,4.5,1.0,1.8,1.0,4.2,0.0,0.0,Orleans
10.2,20.6,6.4,27.5,3.8,15.0,3.4,7.1,1.8,8.2,1.6,6.7,Orleans
786.6,541.8,403.6,570.9,383.0,520.7,247.6,171.5,134.0,204.4,113.6,146.6,Oswego
22.0,13.9,16.4,21.5,5.6,7.0,4.2,2.7,2.8,4.0,1.4,1.9,Oswego
8.2,5.1,6.6,8.5,1.6,1.9,8.6,5.4,7.8,10.3,0.8,1.0,Oswego
12.6,8.7,9.4,13.0,3.2,4.8,2.8,1.9,2.2,3.4,0.6,0.8,Oswego
56.4,40.0,28.8,42.0,27.6,37.5,20.0,14.1,11.0,17.0,9.0,11.4,Oswego
40.0,28.4,18.6,26.6,21.4,29.2,15.2,10.8,8.4,12.8,6.8,8.9,Oswego
16.4,11.6,10.2,15.4,6.2,8.2,4.8,3.3,2.6,4.2,2.2,2.5,Oswego
12.4,8.5,8.4,12.5,4.0,4.9,8.0,5.6,4.4,6.7,3.6,4.4,Oswego
23.4,16.1,13.6,20.3,9.8,12.4,17.4,11.9,8.4,13.1,9.0,11.3,Oswego
7.2,4.7,5.4,7.3,1.8,2.1,1.6,0.9,1.2,1.3,0.4,0.5,Oswego
148.2,98.8,75.8,107.5,72.4,91.8,79.0,53.3,43.2,63.1,35.8,45.0,Oswego
27.8,20.9,14.2,21.5,13.6,21.0,2.6,1.9,1.8,2.8,0.8,1.1,Oswego
,,,,105.0,143.8,,,,,14.8,18.7,Oswego
,,,,2.6,4.8,,,,,1.6,3.0,Oswego
,,,,31.4,42.3,,,,,3.0,3.8,Oswego
,,,,8.2,11.4,,,,,5.2,7.0,Oswego
,,92.0,117.2,,,,,8.8,15.6,,,Oswego
,,4.8,9.4,,,,,0.2,0.3,,,Oswego
40.8,27.5,31.6,46.3,9.2,11.6,5.6,3.9,3.8,5.8,1.8,2.4,Oswego
31.0,21.4,20.8,28.2,10.2,15.0,5.6,3.8,4.2,6.3,1.4,1.8,Oswego
10.2,7.9,5.6,8.3,4.6,7.5,7.4,5.4,4.0,5.8,3.4,5.0,Oswego
18.8,14.9,4.8,7.3,14.0,22.5,0.8,0.5,0.6,0.9,0.2,0.2,Oswego
3.6,2.9,2.4,4.3,1.2,1.6,0.6,0.5,0.6,0.9,0.0,0.0,Oswego
32.6,23.0,18.6,28.1,14.0,18.7,6.8,4.9,4.2,6.8,2.6,3.3,Oswego
10.2,6.9,5.4,7.6,4.8,6.2,4.0,2.8,2.2,3.6,1.8,2.2,Oswego
23.6,17.5,13.6,22.1,10.0,14.1,8.0,5.8,3.8,6.5,4.2,5.5,Oswego
402.6,487.6,203.0,513.6,199.6,474.1,131.0,146.5,69.8,173.9,61.2,124.9,Otsego
11.6,14.3,8.4,22.2,3.2,7.6,2.2,2.4,1.4,3.2,0.8,1.6,Otsego
4.6,5.2,4.0,9.0,0.6,1.6,4.2,5.3,3.2,8.1,1.0,2.7,Otsego
3.8,4.7,2.6,7.2,1.2,2.3,1.4,1.8,1.2,3.3,0.2,0.4,Otsego
35.8,43.4,21.8,56.5,14.0,31.9,11.8,13.1,5.4,13.1,6.4,12.8,Otsego
23.2,28.2,13.0,33.6,10.2,23.4,8.4,9.3,3.8,9.6,4.6,8.5,Otsego
12.6,15.2,8.8,23.0,3.8,8.5,3.4,3.9,1.6,3.4,1.8,4.3,Otsego
5.6,6.8,4.4,11.1,1.2,2.9,3.8,4.4,2.4,5.7,1.4,3.5,Otsego
11.0,11.8,5.2,12.5,5.8,11.6,9.4,9.8,4.6,10.7,4.8,9.4,Otsego
3.6,3.6,2.8,6.2,0.8,1.5,0.8,0.8,0.4,0.9,0.4,0.8,Otsego
50.2,55.6,25.6,61.4,24.6,50.7,29.0,31.9,16.8,40.1,12.2,25.4,Otsego
23.8,31.2,16.0,42.3,7.8,23.2,2.2,2.4,1.2,2.9,1.0,1.7,Otsego
,,,,57.0,144.5,,,,,7.0,13.8,Otsego
,,,,1.8,6.2,,,,,0.4,1.0,Otsego
,,,,18.2,44.1,,,,,2.8,5.3,Otsego
,,,,6.0,15.4,,,,,4.4,8.7,Otsego
,,38.0,86.7,,,,,8.2,20.5,,,Otsego
,,1.8,8.4,,,,,0.0,0.0,,,Otsego
21.2,22.6,14.6,34.6,6.6,13.5,4.8,5.0,3.0,7.6,1.8,3.4,Otsego
13.8,16.3,10.0,25.6,3.8,8.2,3.8,4.1,2.6,6.3,1.2,2.4,Otsego
7.8,12.2,4.2,14.4,3.6,10.1,4.8,6.1,2.4,6.2,2.4,6.1,Otsego
7.2,11.8,2.0,7.3,5.2,16.1,0.2,0.4,0.0,0.0,0.2,0.8,Otsego
1.8,3.3,1.0,3.2,0.8,3.5,0.2,0.2,0.2,0.4,0.0,0.0,Otsego
18.4,22.0,10.2,25.6,8.2,18.9,4.6,5.0,2.0,5.2,2.6,4.8,Otsego
6.0,7.2,3.8,9.6,2.2,5.2,2.6,3.0,1.4,3.7,1.2,2.2,Otsego
12.8,15.2,7.2,20.0,5.6,11.1,4.6,5.7,3.4,9.6,1.2,2.1,Otsego
643.2,500.7,314.6,513.0,328.6,500.5,151.6,119.8,79.4,139.7,72.2,105.9,Putnam
15.8,11.1,12.8,18.1,3.0,4.3,2.6,1.8,2.2,2.9,0.4,0.7,Putnam
6.2,4.5,4.8,7.3,1.4,2.1,5.0,3.5,3.8,5.6,1.2,1.6,Putnam
9.4,7.3,5.2,9.1,4.2,6.1,2.2,1.8,1.6,2.7,0.6,1.0,Putnam
46.4,36.2,23.6,38.0,22.8,33.8,11.4,8.8,5.4,8.8,6.0,8.3,Putnam
32.6,25.6,14.6,24.2,18.0,26.7,9.4,7.3,4.0,7.0,5.4,7.5,Putnam
13.8,10.5,9.0,13.9,4.8,7.1,2.0,1.4,1.4,1.8,0.6,0.9,Putnam
9.4,6.9,6.8,10.2,2.6,3.9,4.4,3.3,2.8,4.3,1.6,2.7,Putnam
18.6,14.4,11.2,19.2,7.4,10.8,10.4,8.0,7.0,12.0,3.4,5.0,Putnam
2.6,1.9,2.6,4.1,0.0,0.0,0.6,0.4,0.6,0.8,0.0,0.0,Putnam
84.0,64.4,37.6,63.7,46.4,66.5,40.6,32.1,20.4,37.2,20.2,28.9,Putnam
25.4,20.2,13.2,22.7,12.2,19.3,2.4,1.7,1.4,2.0,1.0,1.4,Putnam
,,,,97.8,149.4,,,,,10.4,14.2,Putnam
,,,,3.2,5.4,,,,,0.8,1.4,Putnam
,,,,21.2,30.2,,,,,2.4,3.4,Putnam
,,,,10.0,15.8,,,,,5.6,8.5,Putnam
,,69.6,101.8,,,,,5.8,11.9,,,Putnam
,,3.2,6.8,,,,,0.2,0.2,,,Putnam
33.4,26.0,25.2,44.1,8.2,12.0,5.2,4.3,4.2,8.3,1.0,1.6,Putnam
27.4,20.8,19.0,29.4,8.4,12.6,2.8,2.2,1.8,2.7,1.0,1.6,Putnam
8.2,6.3,5.0,8.1,3.2,4.6,4.4,3.6,2.4,3.7,2.0,3.4,Putnam
26.6,24.5,7.6,12.3,19.0,37.0,0.2,0.2,0.0,0.0,0.2,0.4,Putnam
6.0,6.0,2.8,5.5,3.2,6.3,0.2,0.1,0.2,0.2,0.0,0.0,Putnam
31.2,24.5,17.4,28.2,13.8,21.0,5.6,5.0,3.2,6.4,2.4,3.8,Putnam
9.6,7.8,7.0,12.6,2.6,4.0,1.8,1.4,1.6,3.0,0.2,0.2,Putnam
24.8,19.1,14.2,23.3,10.6,15.7,8.4,7.2,5.0,9.7,3.4,5.1,Putnam
1040.2,522.5,527.2,570.5,513.0,489.5,323.8,161.6,164.0,189.0,159.8,142.6,Rensselaer
29.6,14.0,23.2,23.6,6.4,5.6,4.8,2.5,3.6,4.2,1.2,1.0,Rensselaer
15.4,7.5,12.2,13.0,3.2,2.8,9.6,4.8,8.4,9.1,1.2,1.2,Rensselaer
13.0,6.6,8.6,9.7,4.4,4.1,4.0,2.0,2.4,2.6,1.6,1.5,Rensselaer
77.2,40.7,39.8,47.3,37.4,35.5,26.6,13.6,14.0,16.9,12.6,11.1,Rensselaer
55.2,29.2,26.2,31.7,29.0,27.3,20.2,10.3,9.4,11.1,10.8,9.5,Rensselaer
22.0,11.5,13.6,15.6,8.4,8.3,6.4,3.3,4.6,5.8,1.8,1.6,Rensselaer
19.0,9.1,14.4,14.8,4.6,4.2,12.6,6.2,9.6,10.2,3.0,2.8,Rensselaer
29.2,14.5,16.2,18.3,13.0,11.6,18.4,9.2,10.2,11.3,8.2,7.3,Rensselaer
7.6,3.8,6.2,7.2,1.4,1.2,2.6,1.3,2.2,2.5,0.4,0.3,Rensselaer
168.0,82.0,80.8,87.3,87.2,78.3,91.0,44.9,43.8,48.9,47.2,42.5,Rensselaer
43.8,22.4,25.6,28.3,18.2,18.1,6.4,3.3,3.8,4.4,2.6,2.5,Rensselaer
,,,,137.2,133.7,,,,,21.8,19.6,Rensselaer
,,,,4.4,5.6,,,,,1.6,1.2,Rensselaer
,,,,33.4,29.9,,,,,5.0,4.5,Rensselaer
,,,,11.8,11.9,,,,,8.6,7.7,Rensselaer
,,112.4,109.8,,,,,13.6,17.4,,,Rensselaer
,,5.2,6.9,,,,,0.0,0.0,,,Rensselaer
51.4,25.2,35.0,39.7,16.4,13.9,9.6,4.6,5.8,7.1,3.8,3.1,Rensselaer
43.4,22.1,27.2,30.1,16.2,15.5,7.6,3.6,4.2,4.8,3.4,2.8,Rensselaer
14.4,7.8,8.2,8.5,6.2,7.3,8.4,4.2,6.0,6.8,2.4,2.0,Rensselaer
25.6,15.2,8.0,9.0,17.6,21.2,0.6,0.3,0.0,0.0,0.6,0.5,Rensselaer
6.0,3.8,4.2,5.2,1.8,2.4,0.6,0.4,0.6,0.9,0.0,0.0,Rensselaer
44.4,22.3,22.6,25.1,21.8,20.1,12.8,6.5,7.0,8.6,5.8,5.3,Rensselaer
14.0,6.6,8.2,8.3,5.8,5.1,6.2,3.0,2.4,2.5,3.8,3.2,Rensselaer
36.2,18.5,22.4,24.8,13.8,13.5,10.8,5.4,7.0,8.1,3.8,3.5,Rensselaer
1785.0,478.7,895.6,524.7,889.4,449.5,419.4,107.7,203.4,121.8,216.0,98.0,Rockland
42.8,11.3,29.2,16.6,13.6,6.8,7.6,1.9,3.8,2.1,3.8,1.6,Rockland
16.2,4.2,11.6,6.9,4.6,2.1,9.8,2.5,8.2,4.9,1.6,0.7,Rockland
28.0,7.7,14.2,8.5,13.8,7.1,9.4,2.5,3.8,2.2,5.6,2.8,Rockland
140.6,37.6,78.2,46.1,62.4,30.7,37.4,9.5,18.4,10.7,19.0,8.5,Rockland
102.8,27.3,54.8,32.4,48.0,23.3,32.4,8.2,15.8,9.2,16.6,7.4,Rockland
37.8,10.3,23.4,13.7,14.4,7.5,5.0,1.3,2.6,1.5,2.4,1.1,Rockland
27.4,7.0,18.0,10.1,9.4,4.3,15.6,4.0,10.0,5.8,5.6,2.6,Rockland
56.2,14.5,28.8,16.8,27.4,12.7,39.2,10.1,20.0,12.0,19.2,8.6,Rockland
9.8,2.6,8.2,4.7,1.6,0.8,1.6,0.4,1.4,0.8,0.2,0.1,Rockland
189.6,49.2,85.2,51.1,104.4,48.1,87.2,22.4,39.4,23.4,47.8,21.5,Rockland
63.0,17.0,39.8,24.0,23.2,11.8,5.6,1.4,3.4,2.1,2.2,0.9,Rockland
,,,,266.8,140.7,,,,,32.4,15.6,Rockland
,,,,11.4,6.6,,,,,2.4,1.2,Rockland
,,,,62.2,30.2,,,,,9.2,4.4,Rockland
,,,,24.8,12.8,,,,,10.0,4.5,Rockland
,,237.0,131.0,,,,,19.4,12.0,,,Rockland
,,10.2,7.1,,,,,0.2,0.1,,,Rockland
90.0,23.4,67.2,40.3,22.8,10.5,13.6,3.3,9.2,5.7,4.4,1.8,Rockland
66.0,17.9,43.4,25.4,22.6,11.6,9.8,2.6,6.4,3.9,3.4,1.6,Rockland
22.8,6.3,12.4,7.0,10.4,5.7,9.8,2.6,5.6,3.1,4.2,2.2,Rockland
67.6,21.4,22.2,14.8,45.4,27.8,2.0,0.5,0.8,0.5,1.2,0.5,Rockland
7.8,2.3,4.0,2.5,3.8,2.3,1.6,0.5,1.4,0.9,0.2,0.1,Rockland
87.0,23.9,46.8,28.6,40.2,20.1,14.8,3.8,7.6,4.6,7.2,3.0,Rockland
30.4,7.7,17.2,9.8,13.2,6.1,9.6,2.4,4.2,2.4,5.4,2.4,Rockland
64.4,17.1,38.2,22.4,26.2,12.8,22.6,5.7,13.8,8.4,8.8,3.8,Rockland
660.0,480.5,354.0,535.2,306.0,438.0,214.8,152.7,113.4,176.9,101.4,133.4,St. Lawrence
18.2,12.7,12.6,18.7,5.6,6.8,3.2,2.2,2.2,3.5,1.0,1.1,St. Lawrence
9.0,6.3,7.6,11.2,1.4,1.9,8.4,5.8,7.6,11.0,0.8,1.1,St. Lawrence
10.6,7.8,7.6,11.7,3.0,4.7,3.2,2.3,2.6,4.3,0.6,0.7,St. Lawrence
55.4,40.9,27.2,42.3,28.2,39.3,17.0,12.6,8.2,13.3,8.8,11.9,St. Lawrence
37.8,28.2,18.0,28.2,19.8,27.9,12.2,9.2,5.6,9.2,6.6,9.2,St. Lawrence
17.6,12.7,9.2,14.0,8.4,11.4,4.8,3.4,2.6,4.1,2.2,2.8,St. Lawrence
9.6,6.7,6.4,9.4,3.2,4.1,7.4,5.1,4.0,5.8,3.4,4.1,St. Lawrence
20.2,14.1,8.6,12.3,11.6,15.2,15.2,10.8,6.8,10.1,8.4,11.0,St. Lawrence
7.6,5.3,5.8,8.4,1.8,2.5,0.6,0.4,0.6,0.9,0.0,0.0,St. Lawrence
106.4,74.3,54.8,81.4,51.6,68.7,64.2,44.6,36.0,54.0,28.2,37.5,St. Lawrence
28.8,22.2,17.6,28.4,11.2,17.6,3.0,2.2,2.8,4.9,0.2,0.2,St. Lawrence
,,,,74.2,109.2,,,,,10.4,14.3,St. Lawrence
,,,,3.8,7.2,,,,,1.6,2.4,St. Lawrence
,,,,21.0,29.0,,,,,3.2,3.9,St. Lawrence
,,,,5.8,9.3,,,,,4.4,5.7,St. Lawrence
,,86.8,124.5,,,,,7.8,14.2,,,St. Lawrence
,,3.8,7.1,,,,,0.0,0.0,,,St. Lawrence
45.0,32.0,32.6,51.1,12.4,16.6,6.6,4.7,4.0,6.5,2.6,3.2,St. Lawrence
22.2,17.0,15.0,23.5,7.2,10.5,4.8,3.3,2.6,3.7,2.2,2.8,St. Lawrence
9.4,7.4,4.6,7.5,4.8,7.0,4.8,3.6,2.4,4.0,2.4,3.0,St. Lawrence
11.8,10.7,2.4,4.1,9.4,17.9,0.6,0.5,0.4,0.8,0.2,0.3,St. Lawrence
2.6,2.3,1.4,2.3,1.2,2.3,0.4,0.3,0.4,0.6,0.0,0.0,St. Lawrence
24.8,18.6,13.6,21.0,11.2,16.1,6.8,4.9,3.8,5.9,3.0,3.9,St. Lawrence
7.4,5.4,4.6,7.4,2.8,3.9,4.0,2.9,2.4,3.8,1.6,2.2,St. Lawrence
21.4,16.0,13.2,20.9,8.2,11.2,6.4,5.0,3.6,6.6,2.8,3.7,St. Lawrence
1545.0,526.1,800.6,583.1,744.4,486.5,461.2,155.5,245.4,187.2,215.8,132.3,Saratoga
42.2,14.2,29.2,20.3,13.0,8.6,7.6,2.4,4.8,3.3,2.8,1.7,Saratoga
20.4,6.8,16.6,11.8,3.8,2.4,12.8,4.2,9.6,6.8,3.2,1.9,Saratoga
15.8,5.3,10.0,7.2,5.8,3.8,5.8,1.9,3.8,2.7,2.0,1.2,Saratoga
110.0,38.2,54.8,41.5,55.2,35.1,38.6,13.1,19.4,15.3,19.2,11.3,Saratoga
78.2,27.0,36.0,27.3,42.2,26.4,28.6,9.6,14.0,10.9,14.6,8.5,Saratoga
31.8,11.3,18.8,14.2,13.0,8.7,10.0,3.5,5.4,4.4,4.6,2.8,Saratoga
24.4,7.9,18.8,13.1,5.6,3.5,15.2,4.9,12.2,8.4,3.0,2.0,Saratoga
41.6,13.7,26.0,18.4,15.6,9.6,29.8,9.9,16.0,11.4,13.8,8.4,Saratoga
9.4,3.0,7.4,5.1,2.0,1.3,2.2,0.7,2.0,1.5,0.2,0.1,Saratoga
217.4,71.7,107.4,78.5,110.0,67.3,133.2,44.6,68.8,51.5,64.4,39.4,Saratoga
77.2,26.8,48.2,35.9,29.0,19.6,9.0,3.1,6.4,4.8,2.6,1.7,Saratoga
,,,,213.6,140.7,,,,,28.6,17.2,Saratoga
,,,,6.0,4.9,,,,,1.2,0.9,Saratoga
,,,,47.0,27.7,,,,,6.4,3.7,Saratoga
,,,,14.4,9.2,,,,,8.6,5.2,Saratoga
,,191.0,126.8,,,,,20.6,18.0,,,Saratoga
,,10.0,9.2,,,,,0.2,0.1,,,Saratoga
85.8,28.9,67.2,51.2,18.6,11.1,11.6,3.9,8.6,6.9,3.0,1.9,Saratoga
58.2,20.0,37.4,27.7,20.8,13.4,10.6,3.7,5.6,4.1,5.0,3.2,Saratoga
19.0,7.1,11.2,8.4,7.8,5.8,15.2,4.9,9.6,6.4,5.6,3.5,Saratoga
55.4,22.1,15.0,11.7,40.4,32.6,1.2,0.4,0.6,0.5,0.6,0.3,Saratoga
8.4,3.4,3.8,3.2,4.6,3.8,0.6,0.2,0.2,0.1,0.4,0.2,Saratoga
67.8,23.0,34.2,25.0,33.6,21.7,17.8,6.2,9.4,7.4,8.4,5.4,Saratoga
22.8,7.6,13.4,9.5,9.4,6.0,7.6,2.5,4.6,3.5,3.0,1.9,Saratoga
48.6,17.6,28.2,22.0,20.4,13.9,17.6,6.4,10.6,8.9,7.0,4.5,Saratoga
971.4,496.2,465.6,521.0,505.8,484.8,325.0,156.5,160.6,181.6,164.4,139.9,Schenectady
24.4,12.2,16.8,18.2,7.6,7.0,8.0,4.1,6.0,6.7,2.0,1.9,Schenectady
10.8,5.5,8.4,9.3,2.4,2.4,9.8,4.8,7.4,8.0,2.4,2.1,Schenectady
15.0,7.4,8.2,9.2,6.8,5.9,3.2,1.4,2.2,2.3,1.0,0.7,Schenectady
66.8,35.0,37.8,44.1,29.0,26.8,21.0,10.0,9.4,10.2,11.6,9.9,Schenectady
45.2,23.7,23.6,27.7,21.6,19.7,16.2,7.7,6.6,7.1,9.6,8.2,Schenectady
21.6,11.3,14.2,16.4,7.4,7.0,4.8,2.3,2.8,3.0,2.0,1.7,Schenectady
18.8,9.0,13.2,13.8,5.6,4.7,10.4,5.0,7.6,8.5,2.8,2.3,Schenectady
31.6,16.3,15.0,17.1,16.6,15.5,27.6,13.7,13.8,15.8,13.8,11.8,Schenectady
8.4,4.0,7.0,7.5,1.4,1.2,0.8,0.4,0.8,0.9,0.0,0.0,Schenectady
139.8,68.7,65.8,75.1,74.0,65.2,85.0,41.4,41.0,46.7,44.0,37.8,Schenectady
31.0,16.1,15.4,17.1,15.6,15.7,4.6,2.3,3.2,3.8,1.4,1.2,Schenectady
,,,,149.0,148.1,,,,,20.8,17.8,Schenectady
,,,,7.2,8.6,,,,,1.8,2.0,Schenectady
,,,,35.2,32.2,,,,,6.0,4.8,Schenectady
,,,,12.0,11.5,,,,,7.8,6.6,Schenectady
,,104.4,108.7,,,,,15.4,17.0,,,Schenectady
,,4.8,7.1,,,,,0.0,0.0,,,Schenectady
51.8,25.8,37.4,42.8,14.4,13.0,11.2,5.0,7.4,8.1,3.8,2.9,Schenectady
32.4,16.5,21.0,22.8,11.4,11.5,6.0,2.8,3.8,3.9,2.2,2.0,Schenectady
12.4,7.1,7.4,9.1,5.0,5.4,8.6,4.5,4.0,4.4,4.6,4.5,Schenectady
27.4,16.8,6.0,7.1,21.4,26.0,0.4,0.2,0.2,0.2,0.2,0.2,Schenectady
4.6,2.9,2.2,2.9,2.4,3.0,1.0,0.4,0.6,0.6,0.4,0.3,Schenectady
42.8,21.5,23.0,25.6,19.8,18.2,12.2,5.4,6.4,7.1,5.8,4.2,Schenectady
16.2,7.7,7.4,8.3,8.8,7.4,7.8,3.6,4.4,4.9,3.4,2.6,Schenectady
35.8,18.6,23.2,27.2,12.6,11.8,13.0,6.3,8.8,10.7,4.2,3.4,Schenectady
212.4,459.0,113.6,495.2,98.8,429.1,72.6,152.8,39.0,173.3,33.6,134.4,Schoharie
6.0,13.3,4.6,21.1,1.4,5.8,0.8,1.6,0.4,1.3,0.4,1.7,Schoharie
2.6,5.2,2.0,8.2,0.6,2.0,2.2,4.3,1.6,6.2,0.6,2.3,Schoharie
2.8,6.2,1.4,6.3,1.4,6.1,0.8,1.6,0.6,2.6,0.2,0.6,Schoharie
14.4,32.2,7.4,34.7,7.0,29.7,5.8,12.2,2.6,11.8,3.2,12.6,Schoharie
11.0,25.1,5.8,28.3,5.2,21.9,5.2,11.0,2.6,11.8,2.6,10.1,Schoharie
3.4,7.1,1.6,6.4,1.8,7.8,0.6,1.2,0.0,0.0,0.6,2.5,Schoharie
3.8,7.4,3.6,13.9,0.2,1.1,2.4,5.3,1.8,8.1,0.6,2.4,Schoharie
5.8,12.7,2.0,9.2,3.8,16.3,3.8,8.5,1.8,8.3,2.0,9.2,Schoharie
0.8,1.7,0.8,3.5,0.0,0.0,0.2,0.5,0.2,1.0,0.0,0.0,Schoharie
29.8,60.9,15.2,64.7,14.6,57.8,21.4,46.0,10.6,47.8,10.8,44.2,Schoharie
10.4,23.1,6.2,29.4,4.2,17.7,1.6,3.4,1.4,6.8,0.2,0.6,Schoharie
,,,,29.0,131.7,,,,,3.6,14.3,Schoharie
,,,,1.0,7.4,,,,,0.2,0.8,Schoharie
,,,,8.4,33.2,,,,,1.4,4.9,Schoharie
,,,,1.2,4.7,,,,,1.0,4.1,Schoharie
,,24.4,98.9,,,,,5.0,22.8,,,Schoharie
,,1.4,9.6,,,,,0.0,0.0,,,Schoharie
14.2,29.5,11.0,47.3,3.2,12.7,1.6,3.3,1.2,5.2,0.4,1.5,Schoharie
9.8,20.8,6.0,25.7,3.8,16.1,2.4,5.1,1.0,4.8,1.4,5.2,Schoharie
3.2,6.7,2.2,8.3,1.0,5.5,2.4,4.7,1.8,7.0,0.6,2.2,Schoharie
6.0,17.2,1.4,8.7,4.6,25.7,0.2,0.5,0.0,0.0,0.2,1.0,Schoharie
1.0,2.8,0.8,4.7,0.2,0.8,0.0,0.0,0.0,0.0,0.0,0.0,Schoharie
7.4,15.6,4.8,21.3,2.6,10.5,2.8,6.0,2.0,8.3,0.8,3.7,Schoharie
3.2,6.1,2.6,9.9,0.6,2.5,1.0,2.0,0.8,3.3,0.2,1.1,Schoharie
7.2,14.6,4.6,19.0,2.6,10.5,3.2,6.9,1.8,8.3,1.4,5.6,Schoharie
139.8,537.2,70.0,550.9,69.8,536.7,47.0,176.6,24.8,200.8,22.2,158.5,Schuyler
3.4,13.4,2.0,14.7,1.4,12.8,0.4,1.1,0.4,2.2,0.0,0.0,Schuyler
1.0,3.5,1.0,7.6,0.0,0.0,1.0,3.4,1.0,7.6,0.0,0.0,Schuyler
1.4,5.4,1.0,7.5,0.4,3.4,0.8,3.0,0.4,3.1,0.4,2.9,Schuyler
11.4,51.0,5.6,53.8,5.8,49.7,3.8,14.9,2.6,21.5,1.2,8.0,Schuyler
7.4,34.3,3.4,33.7,4.0,35.2,2.8,10.9,1.8,15.7,1.0,5.6,Schuyler
4.0,16.7,2.2,20.1,1.8,14.5,1.0,4.0,0.8,5.9,0.2,2.3,Schuyler
2.4,9.8,1.4,11.2,1.0,8.3,1.0,3.9,0.6,5.2,0.4,2.5,Schuyler
4.8,18.1,1.4,11.8,3.4,24.0,3.2,12.4,1.0,9.2,2.2,15.3,Schuyler
1.0,3.8,0.8,6.4,0.2,1.4,0.2,0.7,0.0,0.0,0.2,1.4,Schuyler
22.8,80.5,12.4,92.5,10.4,70.1,14.2,52.8,7.8,63.3,6.4,44.7,Schuyler
7.6,30.2,5.4,42.2,2.2,20.0,1.0,3.8,0.8,6.7,0.2,1.1,Schuyler
,,,,19.6,148.9,,,,,3.0,24.3,Schuyler
,,,,0.0,0.0,,,,,0.2,1.2,Schuyler
,,,,3.4,21.0,,,,,0.8,5.5,Schuyler
,,,,1.8,12.7,,,,,1.0,6.8,Schuyler
,,14.0,92.6,,,,,2.4,18.9,,,Schuyler
,,0.6,6.9,,,,,0.0,0.0,,,Schuyler
6.8,24.2,6.0,48.3,0.8,5.1,1.6,5.8,1.2,11.2,0.4,2.3,Schuyler
4.0,16.1,2.6,21.4,1.4,10.9,0.6,2.3,0.2,2.1,0.4,2.5,Schuyler
2.6,12.7,1.6,16.6,1.0,9.4,1.4,5.4,0.8,5.5,0.6,5.1,Schuyler
2.8,15.7,0.6,6.5,2.2,25.1,0.2,0.9,0.0,0.0,0.2,1.7,Schuyler
0.4,3.0,0.2,3.6,0.2,2.7,0.0,0.0,0.0,0.0,0.0,0.0,Schuyler
5.4,19.4,2.4,18.5,3.0,20.7,1.6,6.1,0.8,5.9,0.8,6.0,Schuyler
2.2,8.7,1.0,8.4,1.2,9.7,0.8,3.0,0.6,4.4,0.2,1.7,Schuyler
5.0,21.1,2.4,20.2,2.6,21.5,1.8,7.1,1.0,9.2,0.8,5.7,Schuyler
242.0,526.9,128.8,575.4,113.2,495.7,81.2,169.3,40.8,183.7,40.4,159.7,Seneca
5.6,11.9,4.4,18.9,1.2,4.9,0.8,1.6,0.8,3.5,0.0,0.0,Seneca
3.0,6.0,2.6,10.7,0.4,1.5,3.8,7.2,3.6,14.3,0.2,0.6,Seneca
4.6,9.1,3.8,15.3,0.8,4.0,1.2,2.2,1.0,4.3,0.2,0.6,Seneca
17.0,37.6,9.2,41.1,7.8,36.0,6.0,13.2,2.8,12.4,3.2,14.4,Seneca
12.6,27.3,6.6,29.4,6.0,26.6,4.8,10.3,2.4,10.3,2.4,10.3,Seneca
4.4,10.3,2.6,11.7,1.8,9.5,1.2,2.9,0.4,2.0,0.8,4.1,Seneca
3.2,6.4,1.6,6.5,1.6,6.7,3.0,5.7,2.2,9.6,0.8,2.6,Seneca
8.0,15.7,4.4,18.8,3.6,12.9,6.4,13.0,3.2,14.2,3.2,12.3,Seneca
1.0,2.3,0.8,3.9,0.2,0.8,0.6,1.2,0.4,1.5,0.2,1.0,Seneca
36.6,75.5,17.2,74.7,19.4,78.0,23.4,48.0,10.6,46.2,12.8,49.4,Seneca
12.6,29.6,8.4,40.0,4.2,21.0,1.2,2.7,0.2,0.7,1.0,4.7,Seneca
,,,,28.4,126.9,,,,,4.4,17.9,Seneca
,,,,1.6,9.0,,,,,0.8,3.6,Seneca
,,,,10.8,45.0,,,,,1.0,3.5,Seneca
,,,,2.6,11.4,,,,,2.4,9.4,Seneca
,,30.2,123.7,,,,,2.6,12.8,,,Seneca
,,1.8,10.4,,,,,0.0,0.0,,,Seneca
10.6,21.4,7.4,32.1,3.2,11.5,0.8,1.5,0.4,2.0,0.4,1.2,Seneca
10.2,25.8,6.4,31.0,3.8,20.2,1.2,2.4,0.8,2.8,0.4,1.9,Seneca
3.6,9.2,1.6,8.1,2.0,10.5,2.4,4.7,1.2,4.7,1.2,4.8,Seneca
4.8,15.1,1.6,9.9,3.2,21.2,0.0,0.0,0.0,0.0,0.0,0.0,Seneca
2.8,7.1,1.6,8.4,1.2,5.8,0.4,1.1,0.0,0.0,0.4,2.2,Seneca
9.6,20.9,5.6,26.1,4.0,15.6,3.2,7.0,1.6,8.3,1.6,6.1,Seneca
2.4,5.0,1.8,8.4,0.6,2.4,1.4,2.9,0.8,3.6,0.6,2.5,Seneca
8.4,19.5,5.8,28.6,2.6,11.3,3.2,7.5,2.6,13.6,0.6,2.4,Seneca
642.2,484.5,341.4,529.5,300.8,450.6,229.0,167.1,122.0,195.3,107.0,144.9,Steuben
19.2,13.3,15.2,21.8,4.0,5.6,3.8,2.8,3.0,4.8,0.8,1.1,Steuben
7.2,5.3,5.6,8.8,1.6,2.1,5.8,4.5,4.8,8.3,1.0,1.2,Steuben
5.6,4.2,3.8,6.1,1.8,2.8,2.2,1.6,1.2,2.0,1.0,1.3,Steuben
57.0,41.9,30.2,46.9,26.8,37.9,20.4,14.9,11.4,18.3,9.0,11.9,Steuben
42.4,31.1,22.0,34.3,20.4,28.5,14.4,10.6,7.8,12.9,6.6,8.5,Steuben
14.6,10.8,8.2,12.7,6.4,9.3,6.0,4.3,3.6,5.4,2.4,3.5,Steuben
6.4,4.4,4.6,6.9,1.8,2.2,6.2,4.4,4.0,5.8,2.2,3.1,Steuben
20.2,15.0,9.6,15.5,10.6,14.4,16.6,11.9,9.0,14.5,7.6,9.6,Steuben
7.8,5.7,6.2,9.0,1.6,2.5,2.6,2.0,2.0,3.1,0.6,0.9,Steuben
99.0,70.8,54.6,82.0,44.4,60.9,65.4,47.0,38.6,59.6,26.8,35.7,Steuben
28.2,24.0,16.6,28.4,11.6,20.9,4.6,3.7,2.8,4.9,1.8,2.6,Steuben
,,,,81.4,123.4,,,,,13.8,18.6,Steuben
,,,,5.0,8.4,,,,,1.6,1.9,Steuben
,,,,20.6,30.9,,,,,3.0,4.1,Steuben
,,,,5.4,8.0,,,,,5.6,8.3,Steuben
,,79.4,113.8,,,,,11.2,18.8,,,Steuben
,,2.8,6.6,,,,,0.2,0.2,,,Steuben
34.2,25.0,26.4,42.1,7.8,10.4,6.0,4.2,5.0,8.2,1.0,1.3,Steuben
20.0,15.9,11.8,20.1,8.2,11.7,4.0,2.8,2.2,3.2,1.8,2.6,Steuben
7.6,6.9,4.6,8.5,3.0,5.3,6.4,5.4,3.2,5.3,3.2,5.6,Steuben
14.0,14.2,3.8,7.5,10.2,21.1,1.0,0.6,0.6,0.7,0.4,0.5,Steuben
1.2,1.2,0.6,1.4,0.6,1.0,0.2,0.3,0.0,0.0,0.2,0.6,Steuben
24.6,19.3,11.8,19.7,12.8,19.2,8.0,6.2,3.8,6.4,4.2,5.9,Steuben
7.4,5.7,5.0,8.2,2.4,3.3,3.8,2.7,1.4,2.4,2.4,3.0,Steuben
20.0,14.4,11.8,17.3,8.2,11.7,6.6,4.7,2.8,4.7,3.8,4.7,Steuben
9853.4,530.5,4975.0,583.7,4878.4,496.0,2703.4,142.2,1360.8,165.9,1342.6,126.3,Suffolk
227.2,11.8,157.4,17.6,69.8,6.8,31.0,1.6,22.0,2.6,9.0,0.9,Suffolk
92.2,4.7,72.6,8.2,19.6,1.9,72.6,3.7,60.0,6.9,12.6,1.2,Suffolk
138.0,7.4,81.8,9.7,56.2,5.7,52.8,2.8,29.2,3.4,23.6,2.3,Suffolk
743.4,40.2,386.2,46.2,357.2,35.4,228.6,12.0,118.0,14.4,110.6,10.2,Suffolk
535.2,29.1,263.0,31.9,272.2,26.9,189.2,9.9,96.0,11.8,93.2,8.6,Suffolk
208.2,11.1,123.2,14.3,85.0,8.5,39.4,2.1,22.0,2.7,17.4,1.7,Suffolk
159.6,8.2,118.6,13.2,41.0,3.9,100.8,5.2,66.4,7.7,34.4,3.2,Suffolk
299.2,15.8,159.8,18.7,139.4,13.4,211.6,11.1,114.0,13.5,97.6,9.1,Suffolk
59.0,3.0,47.2,5.4,11.8,1.1,14.4,0.8,11.2,1.3,3.2,0.3,Suffolk
1260.2,66.3,571.0,68.5,689.2,65.4,646.6,33.9,311.8,38.0,334.8,31.2,Suffolk
475.4,25.8,288.4,34.2,187.0,19.6,40.8,2.1,27.4,3.3,13.4,1.2,Suffolk
,,,,1319.2,136.1,,,,,187.6,17.9,Suffolk
,,,,55.4,6.8,,,,,17.0,1.8,Suffolk
,,,,331.2,32.0,,,,,58.8,5.5,Suffolk
,,,,122.6,12.5,,,,,76.8,7.2,Suffolk
,,1181.2,129.0,,,,,122.0,15.7,,,Suffolk
,,49.6,7.1,,,,,0.8,0.1,,,Suffolk
517.8,27.6,388.6,47.6,129.2,12.3,93.8,5.0,65.2,8.5,28.6,2.6,Suffolk
377.6,20.2,246.0,28.5,131.6,13.2,58.8,3.1,39.2,4.7,19.6,1.8,Suffolk
128.6,7.6,69.6,8.7,59.0,6.7,82.4,4.4,45.2,5.1,37.2,3.7,Suffolk
361.8,22.8,99.0,12.3,262.8,33.2,10.2,0.5,4.8,0.6,5.4,0.5,Suffolk
52.4,3.4,28.4,3.7,24.0,3.2,4.6,0.3,1.8,0.2,2.8,0.3,Suffolk
453.0,24.6,247.6,29.7,205.4,20.6,92.2,4.9,54.2,6.8,38.0,3.6,Suffolk
167.6,8.8,97.8,11.4,69.8,6.7,53.8,2.8,28.4,3.4,25.4,2.3,Suffolk
376.2,20.8,224.4,27.5,151.8,15.5,108.2,5.9,65.2,8.3,43.0,4.1,Suffolk
460.8,453.9,237.4,466.2,223.4,451.6,164.6,161.5,87.0,177.9,77.6,147.9,Sullivan
11.8,10.8,9.0,16.2,2.8,5.7,1.6,1.2,1.4,2.1,0.2,0.3,Sullivan
5.2,4.9,3.8,7.5,1.4,2.6,5.0,5.0,4.2,8.6,0.8,1.6,Sullivan
5.0,5.0,3.2,6.4,1.8,3.8,1.4,1.4,1.2,2.7,0.2,0.5,Sullivan
40.4,40.8,25.0,51.0,15.4,30.3,13.4,13.3,6.8,14.1,6.6,12.2,Sullivan
28.2,27.5,17.0,33.4,11.2,21.5,10.4,10.4,5.4,11.2,5.0,9.2,Sullivan
12.2,13.3,8.0,17.6,4.2,8.7,3.0,3.0,1.4,2.9,1.6,3.0,Sullivan
11.4,9.8,9.6,16.8,1.8,2.9,6.2,5.4,4.8,8.4,1.4,2.4,Sullivan
17.2,16.1,9.6,17.5,7.6,14.3,13.8,13.2,7.2,13.8,6.6,12.5,Sullivan
4.2,4.0,3.0,6.1,1.2,2.1,0.8,0.8,0.6,1.2,0.2,0.4,Sullivan
70.6,66.1,35.8,70.0,34.8,63.0,49.2,46.1,26.8,53.3,22.4,39.4,Sullivan
17.2,17.7,11.4,22.2,5.8,13.6,2.2,2.1,1.4,2.9,0.8,1.4,Sullivan
,,,,57.8,115.6,,,,,11.8,24.3,Sullivan
,,,,4.2,9.4,,,,,2.4,5.5,Sullivan
,,,,19.6,39.2,,,,,2.6,5.2,Sullivan
,,,,4.6,10.9,,,,,3.0,5.5,Sullivan
,,44.6,79.8,,,,,6.8,15.6,,,Sullivan
,,1.8,4.6,,,,,0.2,0.4,,,Sullivan
26.0,25.6,21.2,45.5,4.8,9.0,3.6,3.6,3.4,7.6,0.2,0.4,Sullivan
16.4,16.3,9.8,19.6,6.6,13.2,4.8,4.8,3.2,7.0,1.6,2.8,Sullivan
6.2,7.0,4.2,9.6,2.0,4.7,4.2,4.4,2.8,6.3,1.4,2.4,Sullivan
14.0,16.5,3.2,7.5,10.8,26.2,0.2,0.1,0.2,0.3,0.0,0.0,Sullivan
1.6,2.1,1.2,2.9,0.4,1.3,0.0,0.0,0.0,0.0,0.0,0.0,Sullivan
18.2,18.5,9.2,18.9,9.0,19.1,3.4,3.5,2.6,5.6,0.8,1.7,Sullivan
9.2,8.8,5.6,10.4,3.6,7.1,1.6,1.8,0.8,2.0,0.8,1.8,Sullivan
13.0,13.8,7.4,16.4,5.6,11.5,6.6,6.6,3.8,8.7,2.8,5.0,Sullivan
344.2,504.1,177.8,533.7,166.4,482.0,93.0,128.4,48.8,146.0,44.2,114.0,Tioga
7.6,10.8,6.4,19.0,1.2,2.6,0.6,0.8,0.6,1.6,0.0,0.0,Tioga
3.4,4.5,2.6,7.4,0.8,2.0,2.8,3.8,2.6,7.7,0.2,0.5,Tioga
4.4,5.8,3.2,8.6,1.2,3.3,1.2,1.8,0.8,2.4,0.4,1.1,Tioga
27.0,39.3,15.4,47.9,11.6,30.9,9.6,12.9,4.8,14.0,4.8,12.0,Tioga
18.4,26.5,10.2,31.2,8.2,21.8,7.0,9.3,3.4,9.7,3.6,8.9,Tioga
8.6,12.8,5.2,16.7,3.4,9.1,2.6,3.6,1.4,4.2,1.2,3.1,Tioga
6.0,8.0,4.2,11.8,1.8,4.5,3.0,4.4,2.2,7.1,0.8,2.0,Tioga
7.8,10.6,3.8,11.8,4.0,9.6,7.0,9.6,3.0,9.0,4.0,9.9,Tioga
2.4,3.6,2.2,6.4,0.2,0.9,0.4,0.7,0.4,1.4,0.0,0.0,Tioga
47.8,65.6,25.2,72.8,22.6,59.9,28.0,37.7,14.2,41.4,13.8,34.8,Tioga
19.6,30.1,13.0,41.7,6.6,19.6,1.0,1.8,0.4,1.3,0.6,2.4,Tioga
,,,,50.0,147.6,,,,,5.0,14.2,Tioga
,,,,2.6,9.8,,,,,0.6,1.4,Tioga
,,,,12.6,34.6,,,,,1.4,3.7,Tioga
,,,,3.4,8.9,,,,,2.0,5.2,Tioga
,,38.4,102.5,,,,,6.0,17.9,,,Tioga
,,2.2,10.6,,,,,0.0,0.0,,,Tioga
22.2,30.2,17.4,50.7,4.8,12.3,3.0,4.0,2.0,5.4,1.0,2.6,Tioga
9.8,14.6,5.6,17.8,4.2,11.8,2.4,3.5,1.2,3.8,1.2,3.2,Tioga
3.0,5.3,2.0,7.9,1.0,2.7,1.8,2.6,1.2,3.9,0.6,1.4,Tioga
11.2,21.6,2.8,9.1,8.4,34.2,0.2,0.3,0.2,0.6,0.0,0.0,Tioga
0.8,1.7,0.6,2.9,0.2,0.4,0.0,0.0,0.0,0.0,0.0,0.0,Tioga
11.8,18.3,7.6,24.4,4.2,12.7,2.8,3.8,1.6,4.7,1.2,3.1,Tioga
5.0,6.9,2.2,6.4,2.8,7.5,1.2,1.6,0.8,2.2,0.4,1.0,Tioga
12.8,19.5,7.8,25.3,5.0,14.7,2.8,3.6,1.8,5.4,1.0,2.4,Tioga
455.8,429.2,222.0,451.2,233.8,416.8,151.4,141.6,72.4,153.9,79.0,135.0,Tompkins
11.0,10.0,7.6,14.9,3.4,5.8,1.6,1.4,1.4,2.7,0.2,0.4,Tompkins
7.6,6.7,5.6,11.1,2.0,3.3,4.8,4.2,3.4,6.8,1.4,2.0,Tompkins
5.2,5.7,3.4,8.0,1.8,3.7,2.2,2.4,1.0,2.5,1.2,2.1,Tompkins
23.0,22.5,11.6,23.4,11.4,21.2,9.6,9.1,4.8,9.4,4.8,9.2,Tompkins
17.4,17.0,8.2,16.9,9.2,16.9,8.4,7.9,3.8,7.2,4.6,8.7,Tompkins
5.6,5.5,3.4,6.5,2.2,4.3,1.2,1.2,1.0,2.2,0.2,0.5,Tompkins
5.6,5.1,3.8,7.5,1.8,3.1,6.2,5.3,4.2,8.0,2.0,3.0,Tompkins
17.0,16.0,7.2,15.0,9.8,16.8,12.8,11.9,5.4,11.5,7.4,12.0,Tompkins
2.0,1.6,1.8,3.0,0.2,0.4,1.2,1.2,1.2,2.7,0.0,0.0,Tompkins
56.4,52.2,27.8,57.6,28.6,49.0,34.0,32.0,18.6,39.2,15.4,26.7,Tompkins
23.6,21.6,13.6,27.2,10.0,17.2,2.2,1.8,1.4,2.9,0.8,1.4,Tompkins
,,,,73.2,136.2,,,,,12.2,21.4,Tompkins
,,,,2.0,4.1,,,,,0.8,1.6,Tompkins
,,,,15.8,25.8,,,,,1.8,3.2,Tompkins
,,,,7.4,13.5,,,,,4.2,6.5,Tompkins
,,54.0,100.1,,,,,7.4,16.8,,,Tompkins
,,3.0,7.2,,,,,0.4,0.5,,,Tompkins
22.2,21.6,16.4,36.7,5.8,10.4,4.0,3.9,2.6,6.0,1.4,2.4,Tompkins
12.2,11.6,8.2,16.6,4.0,7.5,3.4,3.2,2.6,5.6,0.8,1.5,Tompkins
7.6,7.3,5.0,10.4,2.6,4.5,6.8,6.5,3.8,8.0,3.0,5.3,Tompkins
10.8,10.7,3.4,6.4,7.4,14.6,0.6,0.6,0.2,0.6,0.4,0.5,Tompkins
3.6,3.7,1.8,4.0,1.8,3.4,0.4,0.5,0.0,0.0,0.4,0.9,Tompkins
19.2,18.6,10.2,22.1,9.0,15.7,4.0,3.9,1.8,3.8,2.2,3.8,Tompkins
9.4,8.4,5.0,10.1,4.4,7.1,3.6,3.1,2.4,4.9,1.2,1.8,Tompkins
18.0,16.8,9.4,20.7,8.6,14.3,7.6,7.4,3.4,8.0,4.2,7.4,Tompkins
1152.8,464.7,587.4,499.8,565.4,443.4,394.0,155.3,201.6,177.1,192.4,138.9,Ulster
39.6,15.1,27.6,22.0,12.0,8.9,4.2,1.6,3.2,2.9,1.0,0.7,Ulster
15.0,5.6,11.0,8.8,4.0,2.6,12.2,4.8,8.6,7.4,3.6,2.3,Ulster
16.8,6.8,10.8,9.2,6.0,4.8,5.0,1.9,3.2,2.8,1.8,1.2,Ulster
94.0,38.7,47.6,42.4,46.4,35.6,32.8,13.2,15.8,14.1,17.0,12.3,Ulster
65.6,27.1,31.8,29.1,33.8,25.6,25.4,10.2,12.0,10.6,13.4,9.7,Ulster
28.4,11.6,15.8,13.3,12.6,10.0,7.4,3.0,3.8,3.5,3.6,2.6,Ulster
28.4,10.5,22.8,17.6,5.6,4.2,18.6,7.1,13.8,11.2,4.8,3.5,Ulster
33.8,13.4,17.6,14.9,16.2,12.0,27.4,10.5,14.8,12.2,12.6,9.0,Ulster
6.8,2.5,5.6,4.3,1.2,0.8,1.8,0.7,1.2,1.0,0.6,0.5,Ulster
169.2,64.7,83.8,69.4,85.4,60.6,102.0,40.0,52.6,44.7,49.4,36.0,Ulster
38.0,16.4,20.4,19.0,17.6,15.2,5.8,2.5,2.8,2.4,3.0,2.5,Ulster
,,,,152.4,121.6,,,,,26.0,18.6,Ulster
,,,,7.0,7.0,,,,,2.4,1.8,Ulster
,,,,42.4,31.4,,,,,7.6,5.8,Ulster
,,,,13.8,11.5,,,,,7.4,5.6,Ulster
,,123.6,96.1,,,,,19.2,18.1,,,Ulster
,,6.2,7.1,,,,,0.0,0.0,,,Ulster
65.2,25.5,49.4,43.2,15.8,11.3,13.6,5.2,10.0,9.2,3.6,2.3,Ulster
34.8,14.3,22.2,18.4,12.6,10.6,8.2,3.3,4.6,4.0,3.6,2.7,Ulster
17.0,7.8,10.0,9.4,7.0,6.2,8.8,3.7,4.0,3.7,4.8,3.6,Ulster
32.4,16.2,8.8,8.0,23.6,24.6,1.6,0.6,0.8,0.7,0.8,0.5,Ulster
6.8,3.5,3.6,3.7,3.2,3.3,1.0,0.4,1.0,0.8,0.0,0.0,Ulster
52.2,21.7,30.6,27.4,21.6,17.5,13.6,5.2,8.8,7.9,4.8,3.3,Ulster
18.2,7.3,12.4,10.8,5.8,4.5,7.4,2.7,3.8,3.3,3.6,2.4,Ulster
40.0,16.3,23.6,20.8,16.4,12.5,17.0,6.9,10.0,9.4,7.0,5.1,Ulster
518.6,540.6,259.4,566.4,259.2,522.4,180.0,177.4,98.2,214.2,81.8,145.9,Warren
14.2,15.5,8.2,18.7,6.0,12.3,4.0,4.0,3.2,6.8,0.8,1.5,Warren
8.4,8.5,6.8,14.3,1.6,3.3,6.0,5.9,4.0,8.3,2.0,3.8,Warren
4.8,4.8,3.8,8.5,1.0,1.6,3.4,3.5,2.0,4.9,1.4,2.2,Warren
36.0,40.0,17.8,42.5,18.2,37.5,14.2,14.6,6.6,15.7,7.6,13.3,Warren
25.6,27.7,12.4,29.3,13.2,26.2,9.6,9.8,4.8,11.5,4.8,8.1,Warren
10.4,12.3,5.4,13.3,5.0,11.3,4.6,4.8,1.8,4.2,2.8,5.2,Warren
6.6,6.1,5.4,10.3,1.2,2.2,5.8,5.2,4.4,8.5,1.4,2.5,Warren
14.4,13.7,7.6,15.5,6.8,12.0,11.4,10.9,6.4,13.3,5.0,8.6,Warren
5.0,5.3,3.0,6.6,2.0,4.1,2.2,2.3,1.6,3.7,0.6,0.9,Warren
81.8,78.5,42.0,86.3,39.8,71.5,49.4,47.8,26.0,53.6,23.4,41.8,Warren
26.6,30.7,15.6,35.9,11.0,27.6,3.0,3.0,2.6,5.6,0.4,0.8,Warren
,,,,74.8,153.6,,,,,8.8,16.0,Warren
,,,,1.6,4.6,,,,,0.4,0.8,Warren
,,,,13.2,25.8,,,,,3.0,5.0,Warren
,,,,5.0,10.4,,,,,2.4,5.7,Warren
,,58.8,117.7,,,,,9.4,21.2,,,Warren
,,2.0,7.3,,,,,0.6,1.4,,,Warren
27.4,26.1,19.6,42.0,7.8,12.9,6.6,6.5,4.2,9.8,2.4,4.1,Warren
17.8,18.3,10.6,23.7,7.2,12.9,4.0,3.8,2.4,5.3,1.6,2.8,Warren
6.8,9.6,2.6,7.8,4.2,11.4,4.2,4.6,2.2,5.6,2.0,3.6,Warren
16.0,21.5,3.6,9.0,12.4,33.6,0.4,0.3,0.2,0.5,0.2,0.3,Warren
1.2,1.5,0.6,1.7,0.6,1.3,0.6,0.5,0.4,0.8,0.2,0.4,Warren
24.6,24.5,13.0,28.3,11.6,21.6,6.6,6.7,3.2,7.6,3.4,6.0,Warren
10.0,9.7,5.2,10.9,4.8,8.6,3.2,2.9,1.6,3.1,1.6,2.4,Warren
15.4,15.9,9.2,21.4,6.2,10.9,8.8,8.8,5.0,11.1,3.8,7.0,Warren
433.4,508.3,230.2,556.7,203.2,475.7,141.8,163.0,75.6,189.9,66.2,142.3,Washington
11.2,12.6,7.8,17.7,3.4,7.6,2.2,2.7,1.4,3.5,0.8,1.6,Washington
5.0,5.6,3.6,8.0,1.4,3.2,4.2,5.0,2.6,6.6,1.6,4.1,Washington
5.6,6.8,3.8,9.4,1.8,4.1,1.6,1.9,1.2,3.1,0.4,0.7,Washington
33.8,39.9,18.0,44.0,15.8,35.7,12.0,13.3,6.2,14.2,5.8,11.5,Washington
23.8,28.5,11.8,29.8,12.0,26.7,9.2,10.4,4.6,11.0,4.6,9.3,Washington
10.0,11.4,6.2,14.2,3.8,9.0,2.8,2.9,1.6,3.2,1.2,2.3,Washington
7.8,8.7,6.2,14.4,1.6,3.6,4.4,5.2,3.0,7.2,1.4,3.0,Washington
11.4,13.2,6.8,16.1,4.6,9.8,9.2,10.7,5.4,13.3,3.8,8.0,Washington
4.8,5.3,3.6,8.2,1.2,3.1,1.4,1.6,1.2,3.2,0.2,0.4,Washington
67.8,75.8,34.8,83.5,33.0,69.9,39.4,44.1,20.6,49.5,18.8,39.0,Washington
20.8,25.2,12.6,33.0,8.2,19.9,3.0,3.4,2.0,5.6,1.0,1.9,Washington
,,,,56.2,134.6,,,,,8.0,18.0,Washington
,,,,3.0,9.3,,,,,1.0,2.0,Washington
,,,,14.8,32.4,,,,,2.2,5.5,Washington
,,,,3.8,8.9,,,,,2.8,6.3,Washington
,,46.6,104.7,,,,,6.8,17.3,,,Washington
,,1.4,5.0,,,,,0.2,0.8,,,Washington
22.6,25.4,18.4,44.4,4.2,8.9,2.4,2.9,1.6,4.3,0.8,2.1,Washington
16.6,19.2,11.6,28.1,5.0,11.2,4.8,5.2,3.2,7.4,1.6,3.3,Washington
7.4,9.5,4.8,12.6,2.6,6.6,5.0,6.1,2.8,6.7,2.2,5.9,Washington
11.8,17.6,3.0,8.0,8.8,28.7,0.2,0.3,0.2,0.6,0.0,0.0,Washington
1.4,1.9,0.8,1.8,0.6,2.0,0.4,0.5,0.0,0.0,0.4,0.9,Washington
18.2,22.0,11.4,28.3,6.8,15.1,4.6,5.6,2.8,7.4,1.8,3.9,Washington
8.6,9.9,5.4,12.9,3.2,7.5,3.0,3.4,1.8,4.4,1.2,2.4,Washington
12.6,15.8,7.2,19.0,5.4,12.9,4.4,5.3,2.4,6.8,2.0,4.0,Washington
634.8,518.3,326.0,554.8,308.8,490.0,212.0,170.1,104.8,184.8,107.2,160.7,Wayne
14.2,11.1,11.0,17.9,3.2,4.9,2.0,1.4,1.4,2.1,0.6,0.9,Wayne
7.4,5.4,6.0,9.4,1.4,1.8,7.8,5.7,6.2,9.6,1.6,2.2,Wayne
6.4,4.9,4.0,6.6,2.4,3.3,3.8,3.0,2.4,4.4,1.4,1.8,Wayne
50.8,42.0,28.0,48.6,22.8,36.6,15.6,12.7,8.8,15.2,6.8,10.4,Wayne
35.8,29.9,19.4,35.1,16.4,25.6,11.4,9.5,5.6,9.7,5.8,9.0,Wayne
15.0,12.1,8.6,13.5,6.4,11.0,4.2,3.2,3.2,5.5,1.0,1.4,Wayne
8.4,6.1,5.4,8.2,3.0,4.3,4.6,3.2,2.6,3.7,2.0,2.8,Wayne
14.8,11.9,6.2,10.7,8.6,13.1,12.6,10.1,5.6,9.6,7.0,10.5,Wayne
4.0,3.1,3.0,4.8,1.0,1.4,1.6,1.2,1.2,2.0,0.4,0.5,Wayne
93.8,74.8,49.4,83.7,44.4,67.4,61.0,48.9,32.0,54.5,29.0,44.3,Wayne
29.2,26.1,15.8,28.9,13.4,24.1,4.0,3.1,2.4,4.3,1.6,2.2,Wayne
,,,,89.2,144.9,,,,,13.2,19.7,Wayne
,,,,5.2,12.1,,,,,1.8,3.9,Wayne
,,,,23.4,33.9,,,,,3.4,4.8,Wayne
,,,,9.2,14.3,,,,,6.8,9.7,Wayne
,,82.4,127.4,,,,,8.6,16.4,,,Wayne
,,4.2,10.3,,,,,0.2,0.7,,,Wayne
32.6,26.2,26.0,45.7,6.6,9.8,8.2,6.5,5.4,10.5,2.8,3.8,Wayne
30.0,25.1,18.8,33.3,11.2,17.5,4.6,3.7,3.0,5.3,1.6,2.6,Wayne
9.2,7.9,5.8,10.2,3.4,5.5,8.0,7.2,4.6,8.2,3.4,6.2,Wayne
11.2,10.8,4.4,8.9,6.8,12.8,0.6,0.6,0.6,1.2,0.0,0.0,Wayne
2.2,2.4,1.8,4.0,0.4,0.8,0.4,0.4,0.2,0.3,0.2,0.4,Wayne
30.2,25.7,15.0,26.6,15.2,24.7,6.6,5.2,2.4,4.2,4.2,5.7,Wayne
9.6,7.4,5.6,9.3,4.0,5.6,4.2,3.7,2.4,4.6,1.8,2.9,Wayne
18.8,15.6,11.2,20.2,7.6,11.2,7.8,6.7,3.6,6.9,4.2,6.6,Wayne
5780.6,475.7,2830.6,519.7,2950.0,449.1,1438.6,111.8,686.6,127.4,752.0,102.1,Westchester
113.2,9.2,78.0,13.9,35.2,5.3,17.6,1.3,11.6,2.1,6.0,0.8,Westchester
45.2,3.6,31.2,5.7,14.0,1.9,32.6,2.6,22.2,4.2,10.4,1.4,Westchester
104.4,8.6,60.2,11.4,44.2,6.5,38.4,3.0,21.6,4.0,16.8,2.4,Westchester
431.0,35.1,217.6,40.6,213.4,30.9,126.2,9.8,61.2,11.3,65.0,8.7,Westchester
302.8,24.6,147.6,27.8,155.2,22.2,98.6,7.6,48.6,9.0,50.0,6.6,Westchester
128.2,10.5,70.0,12.8,58.2,8.8,27.6,2.2,12.6,2.4,15.0,2.1,Westchester
95.6,7.5,66.8,11.6,28.8,4.2,56.4,4.4,37.4,6.6,19.0,2.7,Westchester
183.4,14.5,91.2,16.9,92.2,12.7,118.2,9.1,56.8,10.4,61.4,8.1,Westchester
31.2,2.5,25.4,4.6,5.8,0.9,8.0,0.6,7.0,1.3,1.0,0.2,Westchester
594.6,47.1,266.2,49.3,328.4,46.0,308.0,24.0,144.0,26.8,164.0,21.8,Westchester
227.4,18.6,132.6,24.7,94.8,14.1,20.6,1.6,12.4,2.2,8.2,1.0,Westchester
,,,,912.2,144.5,,,,,112.4,16.3,Westchester
,,,,35.2,6.3,,,,,7.8,1.2,Westchester
,,,,191.8,28.4,,,,,39.4,5.4,Westchester
,,,,79.4,12.4,,,,,40.6,5.7,Westchester
,,776.2,135.3,,,,,81.4,15.4,,,Westchester
,,26.0,5.9,,,,,0.0,0.0,,,Westchester
276.4,21.9,201.6,37.5,74.8,10.5,40.6,3.0,28.8,5.4,11.8,1.5,Westchester
188.2,15.6,124.2,22.6,64.0,9.8,23.0,1.8,16.0,3.0,7.0,1.0,Westchester
72.2,6.5,37.4,7.4,34.8,5.7,37.8,3.2,20.2,3.8,17.6,2.6,Westchester
212.6,20.3,60.8,11.9,151.8,28.4,5.8,0.4,3.4,0.6,2.4,0.3,Westchester
31.8,3.2,17.0,3.5,14.8,2.9,2.8,0.2,1.0,0.2,1.8,0.2,Westchester
289.4,23.9,155.8,29.4,133.6,19.7,51.6,4.0,24.2,4.5,27.4,3.7,Westchester
112.0,9.1,63.0,11.7,49.0,7.1,34.8,2.7,16.0,3.0,18.8,2.5,Westchester
223.4,18.7,132.4,25.1,91.0,13.7,62.6,4.8,34.0,6.3,28.6,3.7,Westchester
285.2,545.2,149.0,572.7,136.2,541.0,86.2,166.1,44.2,186.3,42.0,155.4,Wyoming
7.8,14.0,5.0,18.1,2.8,9.9,1.6,2.8,1.4,5.3,0.2,0.6,Wyoming
3.6,6.3,2.8,9.4,0.8,3.0,3.0,5.5,2.4,9.4,0.6,2.0,Wyoming
4.8,9.0,3.8,14.1,1.0,4.2,1.4,2.6,1.2,4.1,0.2,0.8,Wyoming
21.4,44.4,11.4,46.0,10.0,41.8,5.4,11.1,2.4,10.7,3.0,11.2,Wyoming
13.4,28.1,5.6,23.8,7.8,31.8,4.0,7.9,1.6,6.8,2.4,8.9,Wyoming
8.0,16.4,5.8,22.3,2.2,10.0,1.4,3.1,0.8,3.9,0.6,2.4,Wyoming
4.0,7.9,3.2,12.7,0.8,2.4,3.2,5.9,2.2,8.2,1.0,3.1,Wyoming
8.4,16.0,4.2,16.5,4.2,15.6,5.8,11.5,2.6,11.0,3.2,12.3,Wyoming
2.2,3.8,1.4,5.0,0.8,2.7,1.4,2.8,1.0,4.6,0.4,1.5,Wyoming
37.6,69.4,19.4,74.4,18.2,65.0,23.0,44.1,12.2,49.4,10.8,39.2,Wyoming
12.8,25.1,8.8,32.6,4.0,19.8,2.0,3.6,1.4,5.6,0.6,2.6,Wyoming
,,,,42.2,170.7,,,,,5.4,20.0,Wyoming
,,,,2.0,8.6,,,,,0.6,2.7,Wyoming
,,,,10.2,38.3,,,,,2.4,8.2,Wyoming
,,,,2.8,10.6,,,,,1.8,6.9,Wyoming
,,38.6,134.6,,,,,4.2,20.7,,,Wyoming
,,1.0,4.3,,,,,0.0,0.0,,,Wyoming
12.8,25.1,11.0,47.0,1.8,6.5,1.6,3.4,1.2,5.9,0.4,2.2,Wyoming
8.6,16.2,6.6,25.7,2.0,7.0,1.8,3.3,1.4,5.5,0.4,1.7,Wyoming
3.2,7.0,1.4,6.2,1.8,7.2,2.4,4.4,1.2,3.7,1.2,4.7,Wyoming
8.2,17.1,1.6,6.2,6.6,31.6,0.0,0.0,0.0,0.0,0.0,0.0,Wyoming
1.8,4.4,1.0,4.4,0.8,4.1,0.2,0.5,0.0,0.0,0.2,0.9,Wyoming
14.4,28.5,8.2,33.6,6.2,26.0,3.2,6.4,2.0,9.7,1.2,4.4,Wyoming
3.0,6.3,1.8,7.8,1.2,5.5,2.2,4.5,1.0,3.9,1.2,5.0,Wyoming
9.6,17.7,5.8,23.3,3.8,14.8,3.4,6.6,1.4,5.9,2.0,7.3,Wyoming
169.4,495.2,88.2,520.6,81.2,480.3,56.0,160.9,29.4,184.6,26.6,143.1,Yates
6.8,20.9,5.2,31.2,1.6,12.9,1.0,2.6,0.8,4.5,0.2,0.8,Yates
3.6,9.9,3.0,18.3,0.6,2.9,3.0,8.7,2.8,17.4,0.2,0.8,Yates
1.4,3.6,1.2,7.1,0.2,0.8,0.6,1.6,0.4,2.2,0.2,1.1,Yates
10.8,31.5,4.6,28.4,6.2,33.2,4.2,11.9,2.0,13.2,2.2,10.4,Yates
8.0,23.1,3.0,18.3,5.0,26.0,3.6,10.2,1.8,11.7,1.8,8.4,Yates
2.8,8.4,1.6,10.1,1.2,7.3,0.6,1.8,0.2,1.5,0.4,2.0,Yates
2.0,6.3,0.8,4.8,1.2,7.8,1.2,3.5,0.4,2.5,0.8,4.1,Yates
4.6,11.9,2.2,11.7,2.4,11.5,3.6,9.4,1.2,6.8,2.4,11.1,Yates
1.4,3.8,1.2,7.5,0.2,1.1,0.6,1.7,0.2,1.4,0.4,2.3,Yates
24.2,66.2,11.4,66.7,12.8,67.9,14.8,41.3,8.2,49.4,6.6,34.4,Yates
9.8,31.8,6.4,42.9,3.4,23.1,1.0,2.5,0.6,3.2,0.4,2.0,Yates
,,,,20.2,120.6,,,,,3.2,20.2,Yates
,,,,1.4,13.2,,,,,0.6,6.8,Yates
,,,,6.0,33.6,,,,,1.0,4.4,Yates
,,,,2.0,11.6,,,,,0.8,4.3,Yates
,,23.4,125.9,,,,,3.8,25.2,,,Yates
,,0.2,1.1,,,,,0.0,0.0,,,Yates
9.0,24.5,7.2,41.0,1.8,10.9,1.4,3.8,0.8,5.5,0.6,3.4,Yates
6.0,17.6,4.2,25.6,1.8,10.2,1.2,3.2,0.6,3.5,0.6,2.9,Yates
2.0,5.6,1.0,4.9,1.0,6.3,1.8,5.3,1.0,6.2,0.8,4.3,Yates
3.4,12.9,1.0,6.6,2.4,19.8,0.0,0.0,0.0,0.0,0.0,0.0,Yates
0.4,1.4,0.4,2.7,0.0,0.0,0.0,0.0,0.0,0.0,0.0,0.0,Yates
7.6,24.9,5.0,33.3,2.6,16.6,1.6,4.4,0.8,4.5,0.8,4.2,Yates
2.6,7.9,1.2,7.3,1.4,8.7,1.0,2.9,0.4,2.9,0.6,2.8,Yates
5.0,15.2,1.8,11.9,3.2,18.6,2.6,8.2,1.4,9.6,1.2,6.9,Yates
